match_id,time_stamp,title,tour,round,surface,winner,predict,prediction_roi,player1_name,player1_country,player1_height,player1_weight,player1_age,player1_current_rank,player1_highest_rank,player1_year_total_win,player1_year_total_lose,player1_year_surface_win,player1_year_surface_lose,player1_career_total_win,player1_career_total_lose,player1_career_surface_win,player1_career_surface_lose,player1_roi,player1_H2H,player1_elo,player1_odds,player2_name,player2_country,player2_height,player2_weight,player2_age,player2_current_rank,player2_highest_rank,player2_year_total_win,player2_year_total_lose,player2_year_surface_win,player2_year_surface_lose,player2_career_total_win,player2_career_total_lose,player2_career_surface_win,player2_career_surface_lose,player2_roi,player2_H2H,player2_elo,player2_odds
1984440,2021-09-27-23-00,Sofia,atp,1. round,indoors,1,1.53,-1.0,Benoit Paire,France,196,80,32,49,18,13,29,0,1,543,441,126,102,-8.11,0,,2.96,Alejandro Davidovich Fokina,Spain,183,80,22,43,32,26,20,6,6,193,123,19,18,-2.9,0,,1.45
1984446,2021-09-28-01-10,Sofia,atp,1. round,indoors,1,1.2,0.15,Miomir Kecmanovic,Serbia,183,75,22,62,38,13,21,1,1,204,133,16,15,-11.32,0,,1.15,Adrian Andreev,Bulgaria,180,66,20,319,319,27,20,1,4,103,60,1,10,-5.29,0,,6.23
1984445,2021-09-28-03-10,Sofia,atp,1. round,indoors,2,1.46,-1.0,Adrian Mannarino,France,180,79,33,54,22,10,19,1,2,609,466,213,145,-7.89,0,,1.5,Gianluca Mager,Italy,188,77,26,78,66,26,23,0,1,361,252,58,44,0.63,0,,2.76
1984046,2021-09-28-06-35,San Diego,atp,1. round,hard,1,0.0,0.0,Aslan Karatsev,Russia,,,28,24,22,29,16,19,7,391,244,139,68,11.65,0,1835,1.27,Federico Delbonis,Argentina,193,90,30,44,33,29,19,0,5,528,353,63,81,2.72,0,1684,4.18
1984043,2021-09-28-10-40,San Diego,atp,1. round,hard,2,1.76,0.56,Fabio Fognini,Italy,178,79,34,31,9,21,20,11,10,610,457,132,133,-1.32,0,1791,2.56,Brandon Nakashima,USA,185,77,20,83,83,32,20,15,8,113,62,72,36,-0.57,0,1765,1.56
1984932,2021-09-28-13-25,San Diego,atp,1. round,hard,2,1.7,0.17,Salvatore Caruso,Italy,185,80,28,128,76,13,24,6,7,409,328,88,69,-14.76,0,1589,5.68,Harry Fritz Taylor,USA,193,86,23,39,24,21,17,15,11,256,179,162,96,-0.52,0,1766,1.17
1984443,2021-09-28-19-05,Sofia,atp,1. round,indoors,1,1.68,-1.0,John Millman,Australia,183,79,32,55,33,16,21,2,3,437,291,52,31,-3.38,0,,2.41,Mikael Ymer,Sweden,183,75,23,85,67,23,17,1,2,219,117,65,31,7.98,0,,1.63
1983934,2021-09-25-20-30,Nur-Sultan,atp,semifinal,indoors,1,1.6,-1.0,Woo Kwon Soon,South Korea,180,72,23,82,69,25,18,12,2,239,145,40,17,1.1,0,,2.77,Alexander Bublik,Kazakhstan,198,77,24,34,34,31,24,6,2,272,182,79,46,4.4,1,,1.51
1983944,2021-09-25-22-10,Metz,atp,semifinal,indoors,1,1.46,0.44,Hubert Hurkacz,Poland,196,81,24,13,11,27,16,3,2,266,166,42,39,12.48,1,,1.44,Peter Gojowczyk,Germany,188,83,32,101,39,36,21,16,6,591,432,192,121,13.15,0,,3.02
1983996,2021-09-26-00-05,Metz,atp,semifinal,indoors,2,1.6,1.01,Gael Monfils,France,193,85,35,20,6,11,13,2,0,611,340,148,65,-3.12,3,,1.89,Pablo Carreno-Busta,Spain,188,78,30,16,10,34,13,2,0,554,294,34,31,6.65,2,,2.01
1984031,2021-09-26-03-15,Laver Cup,atp,,indoors,1,1.53,-1.0,Stefanos Tsitsipas,Greece,193,89,23,3,3,50,15,4,2,372,179,60,33,-0.81,0,,1.38,Nick Kyrgios,Australia,193,85,26,95,13,7,7,0,0,257,144,18,10,-2.5,2,,3.17
1984032,2021-09-26-09-00,Laver Cup,atp,,indoors,1,1.36,0.21,Daniil Medvedev,Russia,198,83,25,2,2,47,10,4,1,371,162,116,52,1.51,1,,1.21,Denis Shapovalov,Canada,185,75,22,12,10,24,18,0,0,230,141,43,30,-7.75,2,,4.68
1984033,2021-09-26-05-10,Laver Cup,atp,,indoors,1,1.37,0.36,Alexander Zverev,Germany,198,90,24,4,3,43,12,0,1,390,208,63,36,6.46,6,,1.36,John Isner,USA,208,108,36,22,8,22,10,0,0,536,332,69,61,11.36,2,,3.29
1984095,2021-09-26-18-40,Nur-Sultan,atp,final,indoors,2,1.52,1.09,James Duckworth,Australia,183,82,29,65,65,30,18,6,4,373,229,29,21,18.41,0,,1.83,Woo Kwon Soon,South Korea,180,72,23,82,69,26,18,13,2,240,145,41,17,2.8,0,,2.09
1983544,2021-09-23-23-40,Metz,atp,round of 16,indoors,1,1.22,0.37,Hubert Hurkacz,Poland,196,81,24,13,11,25,16,1,2,264,166,40,39,11.44,2,,1.37,Lucas Pouille,France,185,84,27,142,10,17,20,6,6,323,230,70,47,-9.95,1,,3.4
1982891,2021-09-23-22-10,Nur-Sultan,atp,round of 16,indoors,2,1.5,0.74,Miomir Kecmanovic,Serbia,183,75,22,60,38,13,20,1,0,204,132,16,14,-10.34,0,,2.23,Alexander Bublik,Kazakhstan,198,77,24,34,34,29,24,4,2,270,182,77,46,3.45,0,,1.74
1983158,2021-09-23-22-10,Metz,atp,round of 16,indoors,2,1.45,-1.0,Alex De Minaur,Australia,183,69,22,21,15,21,18,1,1,230,130,43,22,-9.3,1,,1.58,Marcos Giron,USA,180,77,28,69,64,24,19,3,2,339,201,42,32,7.38,1,,2.54
1983474,2021-09-23-21-25,Nur-Sultan,atp,round of 16,indoors,2,1.49,-1.0,Egor Gerasimov,Belarus,196,86,28,97,65,14,23,5,3,385,266,141,86,-9.46,0,,1.54,Carlos Taberner,Spain,183,78,24,117,102,36,21,2,1,352,182,21,19,-2.62,0,,2.66
1983324,2021-09-23-22-10,Metz,atp,round of 16,indoors,1,1.48,2.32,Peter Gojowczyk,Germany,188,83,32,101,39,34,21,14,6,589,432,190,121,10.15,0,,3.32,Karen Khachanov,Russia,198,87,25,27,8,29,19,4,2,317,218,94,64,-2.38,1,,1.38
1983203,2021-09-24-02-25,Metz,atp,round of 16,indoors,2,1.53,0.37,Philipp Kohlschreiber,Germany,178,70,37,107,16,15,13,2,1,680,501,113,101,1.18,3,,3.39,Gael Monfils,France,193,85,35,20,6,9,13,0,0,609,340,146,65,-4.02,14,,1.37
1983323,2021-09-24-04-00,Metz,atp,round of 16,indoors,1,1.58,-1.0,Nikoloz Basilashvili,Georgia,185,79,29,36,16,28,22,1,2,435,349,61,58,13.84,0,,1.66,Alejandro Davidovich Fokina,Spain,183,80,22,45,32,26,19,6,5,193,122,19,17,-1.91,0,,2.37
1983694,2021-09-24-16-10,Nur-Sultan,atp,quarterfinal,indoors,2,1.51,0.52,Emil Ruusuvuori,Finland,188,79,22,84,66,28,22,3,2,192,96,70,23,1.05,1,,2.73,Ilya Ivashka,Belarus,193,84,27,52,52,39,17,2,1,329,202,89,54,7.14,2,,1.52
1983707,2021-09-24-19-15,Nur-Sultan,atp,quarterfinal,indoors,1,1.33,0.74,James Duckworth,Australia,183,82,29,65,65,28,18,4,4,371,229,27,21,14.99,1,,1.74,John Millman,Australia,183,79,32,48,33,16,20,2,2,437,290,52,30,-2.39,1,,2.23
1974930,2021-08-29-07-00,Winston Salem,atp,final,hard,1,1.6,-1.0,Ilya Ivashka,Belarus,193,84,27,63,63,34,16,11,5,324,201,174,97,7.0,0,1798,1.48,Mikael Ymer,Sweden,183,75,22,90,67,22,14,9,3,218,114,44,22,9.79,1,1733,2.86
1976348,2021-09-02-01-40,"atp, US Open, 2. round, hard",atp,2. round,hard,1,1.49,0.04,Andrey Rublev,Russia,188,70,23,7,7,42,14,21,7,327,184,121,66,3.61,0,1995,1.04,Pedro Martinez,Spain,185,76,24,75,73,26,19,3,3,357,193,47,31,3.25,0,1724,16.16
1976349,2021-09-02-02-05,"atp, US Open, 2. round, hard",atp,2. round,hard,2,1.06,-1.0,Philipp Kohlschreiber,Germany,178,70,37,115,16,13,11,1,1,678,499,208,150,2.7,2,1757,1.38,Pablo Andujar,Spain,180,80,35,74,32,15,15,2,4,560,462,47,96,6.03,3,1642,3.34
1976358,2021-09-02-02-00,"atp, US Open, 2. round, hard",atp,2. round,hard,2,0.0,0.0,Casper Ruud,Norway,183,77,22,11,11,40,11,10,4,255,155,48,38,7.56,0,1907,1.1,De Van,Netherlands,188,83,25,117,117,42,19,12,3,263,134,23,10,3.4,0,,8.67
1976337,2021-09-02-02-05,"atp, US Open, 2. round, hard",atp,2. round,hard,1,1.79,-1.0,Dusan Lajovic,Serbia,183,83,31,40,23,16,21,8,8,508,386,99,82,1.63,0,1701,1.81,Peter Gojowczyk,Germany,188,83,32,141,39,29,20,7,3,584,431,184,131,7.63,0,1625,2.11
1976341,2021-09-02-02-05,"atp, US Open, 2. round, hard",atp,2. round,hard,1,1.39,0.66,Cristian Garin,Chile,185,85,25,19,18,19,14,1,4,333,211,41,39,-4.41,1,1772,1.66,Henri Laaksonen,Switzerland,185,78,29,130,93,29,18,7,4,418,334,95,79,13.45,1,1635,2.37
1976356,2021-09-02-02-10,"atp, US Open, 2. round, hard",atp,2. round,hard,1,1.38,0.83,Facundo Bagnis,Argentina,183,82,31,80,55,33,19,1,3,571,389,29,43,4.98,2,1607,1.83,Marco Trungelliti,Argentina,178,78,31,198,112,24,14,4,1,497,333,68,52,20.01,4,1545,2.08
1976342,2021-09-02-02-00,"atp, US Open, 2. round, hard",atp,2. round,hard,2,1.77,0.76,Marcos Giron,USA,180,77,28,64,64,23,18,11,8,338,200,262,142,7.03,0,1724,2.19,Daniel Evans,Great Britain,175,75,31,27,25,20,17,8,8,535,322,231,128,7.51,1,1808,1.76
1976353,2021-09-02-01-50,"atp, US Open, 2. round, hard",atp,2. round,hard,2,1.92,2.91,Brandon Nakashima,USA,185,77,20,84,83,32,19,15,7,113,61,72,35,0.41,0,1784,1.3,Alex Molcan,Slovakia,178,73,23,138,136,49,17,7,2,194,112,48,23,14.89,0,1674,3.91
1976399,2021-09-02-03-30,"atp, US Open, 2. round, hard",atp,2. round,hard,2,1.86,0.02,Dominik Koepfer,Germany,180,79,27,57,50,24,22,10,9,233,152,113,67,-1.14,0,1705,23.25,Daniil Medvedev,Russia,198,83,25,2,2,41,10,25,4,365,162,147,53,-0.81,1,2099,1.02
1976357,2021-09-02-01-45,"atp, US Open, 2. round, hard",atp,2. round,hard,2,1.27,-1.0,Grigor Dimitrov,Bulgaria,191,81,30,18,3,15,13,11,7,509,307,208,127,-1.97,1,1809,1.51,Alexei Popyrin,Australia,196,78,22,73,61,25,19,11,9,180,135,94,68,4.98,0,1676,2.75
1976365,2021-09-02-01-50,"atp, US Open, 2. round, hard",atp,2. round,hard,1,1.62,-1.0,Carlos Alcaraz,Spain,185,72,18,55,54,35,15,12,6,103,34,25,8,3.3,0,1765,1.36,Arthur Rinderknech,France,196,86,26,83,78,46,21,3,2,207,117,61,27,11.99,0,1763,3.48
1976337,2021-09-02-02-05,"atp, US Open, 2. round, hard",atp,2. round,hard,2,1.79,1.11,Dusan Lajovic,Serbia,183,83,31,40,23,16,21,8,8,508,386,99,82,1.63,0,1701,1.81,Peter Gojowczyk,Germany,188,83,32,141,39,29,20,7,3,584,431,184,131,7.63,0,1625,2.11
1976366,2021-09-02-05-05,"atp, US Open, 2. round, hard",atp,2. round,hard,1,1.9,-1.0,Frances Tiafoe,USA,188,86,23,50,29,28,21,15,11,259,188,116,90,1.46,0,1789,1.37,Guido Pella,Argentina,183,79,31,85,20,6,15,4,4,500,333,79,79,-2.19,0,1682,3.37
1976356,2021-09-02-02-25,"atp, US Open, 2. round, hard",atp,2. round,hard,1,1.38,0.83,Facundo Bagnis,Argentina,183,82,31,80,55,33,19,1,3,571,389,29,43,4.98,2,1607,1.83,Marco Trungelliti,Argentina,178,78,31,198,112,24,14,4,1,497,333,68,52,20.01,4,1545,2.08
1976341,2021-09-02-02-05,"atp, US Open, 2. round, hard",atp,2. round,hard,2,1.39,-1.0,Cristian Garin,Chile,185,85,25,19,18,19,14,1,4,333,211,41,39,-4.41,1,1772,1.66,Henri Laaksonen,Switzerland,185,78,29,130,93,29,18,7,4,418,334,95,79,13.45,1,1635,2.37
1976398,2021-09-02-04-35,"atp, US Open, 2. round, hard",atp,2. round,hard,1,1.89,-1.0,Roberto Bautista-Agut,Spain,183,75,33,21,9,26,20,12,8,703,417,275,132,-2.59,0,1847,1.51,Emil Ruusuvuori,Finland,188,79,22,66,66,25,21,20,10,189,95,81,30,0.25,0,1732,2.75
1976336,2021-09-02-04-00,"atp, US Open, 2. round, hard",atp,2. round,hard,2,1.78,0.13,Bernabe Zapata Miralles,Spain,183,82,24,116,110,40,21,6,4,347,233,64,52,2.5,0,1669,7.3,Felix Auger Aliassime,Canada,193,88,21,15,15,29,18,15,8,216,130,71,51,3.21,0,1812,1.13
1976338,2021-09-02-09-20,"atp, US Open, 2. round, hard",atp,2. round,hard,1,1.5,-1.0,Kevin Anderson,RSA,203,94,35,77,5,15,12,5,6,583,341,352,176,-3.03,2,1812,2.82,Diego Schwartzman,Argentina,170,64,29,14,8,24,15,11,7,562,322,80,73,-8.0,1,1858,1.49
1976354,2021-09-02-10-40,"atp, US Open, 2. round, hard",atp,2. round,hard,2,1.81,0.03,Adrian Mannarino,France,180,79,33,44,22,10,18,5,5,609,465,244,162,-6.89,1,1710,17.21,Stefanos Tsitsipas,Greece,193,89,23,3,3,49,14,22,6,371,178,154,85,0.14,1,2040,1.03
1976338,2021-09-02-09-20,"atp, US Open, 2. round, hard",atp,2. round,hard,2,1.5,0.49,Kevin Anderson,RSA,203,94,35,77,5,15,12,5,6,583,341,352,176,-3.03,2,1812,2.82,Diego Schwartzman,Argentina,170,64,29,14,8,24,15,11,7,562,322,80,73,-8.0,1,1858,1.49
1977685,2021-09-07-05-00,US Open,atp,round of 16,hard,2,2.0,0.13,Oscar Otte,Germany,193,79,28,144,129,34,15,6,1,407,229,42,27,2.23,0,1606,6.95,Matteo Berrettini,Italy,196,95,25,8,8,36,8,12,3,287,135,112,52,4.96,1,1961,1.13
1977698,2021-09-07-03-00,US Open,atp,round of 16,hard,2,1.27,-1.0,Reilly Opelka,USA,211,102,24,24,23,19,16,13,9,197,148,93,74,4.13,1,1833,1.9,Lloyd Harris,RSA,193,80,24,46,46,26,17,20,8,307,148,231,83,10.46,1,1800,1.99
1977700,2021-09-07-02-00,US Open,atp,round of 16,hard,1,1.18,0.19,Alexander Zverev,Germany,198,90,24,4,3,41,11,23,4,388,207,150,79,7.15,1,2049,1.19,Jannik Sinner,Italy,188,76,20,16,15,33,18,21,8,154,85,48,28,-4.43,1,1914,5.29
1990714,2021-10-15-04-10,Indian Wells,atp,quarterfinal,hard,1,1.52,-1.0,Cameron Norrie,Great Britain,188,82,26,26,26,48,20,22,11,269,155,177,77,19.06,2,1886,2.14,Diego Schwartzman,Argentina,170,64,29,15,8,32,19,18,9,570,326,87,75,-7.51,1,1882,1.79
1990723,2021-10-15-05-45,Indian Wells,atp,quarterfinal,hard,1,1.61,-1.0,Grigor Dimitrov,Bulgaria,191,81,30,28,3,21,15,17,9,515,309,214,129,5.01,0,1842,2.53,Hubert Hurkacz,Poland,196,81,24,12,11,33,17,22,8,272,167,131,60,14.4,0,1890,1.59
1985748,2021-09-30-21-25,Sofia,atp,round of 16,indoors,1,1.44,0.81,James Duckworth,Australia,183,82,29,56,56,31,19,7,5,374,230,30,22,18.87,0,,1.81,Benoit Paire,France,196,80,32,49,18,14,29,1,1,544,441,127,102,-6.3,1,,2.13
1985832,2021-09-30-23-05,Sofia,atp,round of 16,indoors,2,1.57,0.5,Laslo Djere,Serbia,188,82,26,47,27,23,22,3,1,322,209,22,31,-3.79,2,,2.81,Filip Krajinovic,Serbia,185,75,29,37,26,16,16,1,1,459,269,69,51,-3.11,7,,1.5
1985622,2021-10-01-01-05,Sofia,atp,round of 16,indoors,1,1.27,0.25,Jannik Sinner,Italy,188,76,20,14,14,33,19,2,2,154,86,47,17,-5.42,1,,1.25,Egor Gerasimov,Belarus,196,86,28,112,65,17,24,8,4,388,267,144,87,-8.47,0,,4.49
1985906,2021-10-01-04-35,San Diego,atp,round of 16,hard,1,1.57,-1.0,Cameron Norrie,Great Britain,188,82,26,28,28,42,19,16,10,263,154,171,76,14.65,4,1846,1.6,Daniel Evans,Great Britain,175,75,31,22,22,23,18,11,9,538,323,234,129,9.12,3,1814,2.52
1985923,2021-10-01-06-05,San Diego,atp,round of 16,hard,2,0.0,0.0,Hubert Hurkacz,Poland,196,81,24,12,11,30,16,19,7,269,166,128,59,13.95,1,1858,1.5,Aslan Karatsev,Russia,,,28,24,22,30,16,20,7,392,244,140,68,11.89,0,1835,2.8
1985432,2021-10-01-07-00,San Diego,atp,round of 16,hard,1,1.58,-1.0,Denis Shapovalov,Canada,185,75,22,13,10,24,19,9,9,230,142,95,59,-8.75,3,1833,1.69,Harry Fritz Taylor,USA,193,86,23,39,24,22,17,16,11,257,179,163,96,-0.36,1,1766,2.3
1985620,2021-10-01-07-40,San Diego,atp,round of 16,hard,1,1.61,-1.0,Lorenzo Sonego,Italy,191,76,26,23,23,26,19,8,9,313,194,46,41,3.31,1,1780,2.26,Sebastian Korda,USA,193,75,21,42,42,29,15,12,6,155,98,51,37,7.54,1,1862,1.72
1985670,2021-10-01-10-40,San Diego,atp,round of 16,hard,2,1.81,0.79,Andy Murray,Great Britain,190,83,34,109,1,14,10,3,3,798,260,384,119,-2.13,0,1801,2.15,Casper Ruud,Norway,183,77,22,10,10,43,12,10,5,258,156,48,39,7.45,0,1907,1.79
1986028,2021-10-01-21-05,Sofia,atp,quarterfinal,indoors,2,1.64,0.57,John Millman,Australia,183,79,32,55,33,18,21,4,3,439,291,54,31,-1.49,0,,2.59,Marcos Giron,USA,180,77,28,67,64,27,20,6,3,342,202,45,33,9.56,1,,1.57
1984444,2021-09-28-20-55,Sofia,atp,1. round,indoors,2,1.5,0.45,Jaume Munar,Spain,183,76,24,70,52,33,21,1,1,292,193,9,20,-6.77,0,,2.96,Marcos Giron,USA,180,77,28,67,64,25,20,4,3,340,202,43,33,7.79,0,,1.45
1985030,2021-09-28-22-45,Sofia,atp,1. round,indoors,2,1.5,1.39,Pedro Martinez,Spain,185,76,24,59,59,33,20,2,0,364,194,6,11,5.43,0,,1.64,Laslo Djere,Serbia,188,82,26,47,27,22,22,2,1,321,209,21,31,-5.1,1,,2.39
1984049,2021-09-29-04-30,San Diego,atp,1. round,hard,1,1.52,-1.0,Sebastian Korda,USA,193,75,21,42,42,28,15,11,6,154,98,50,37,7.05,2,1862,1.5,Tommy Paul,USA,185,82,24,60,50,20,18,9,10,291,176,146,96,-4.8,0,1755,2.75
1984441,2021-09-29-01-20,Sofia,atp,1. round,indoors,1,1.57,-1.0,Dimitar Kuzmanov,Bulgaria,193,77,28,226,226,29,24,0,1,481,236,11,25,-5.16,0,,3.71,Lorenzo Musetti,Italy,185,75,19,61,57,32,23,6,3,113,71,25,15,-3.02,0,,1.32
1984935,2021-09-29-04-30,San Diego,atp,1. round,hard,1,1.51,-1.0,Lorenzo Sonego,Italy,191,76,26,23,23,25,19,7,9,312,194,45,41,2.56,1,1780,1.78,Nikoloz Basilashvili,Georgia,185,79,29,34,16,29,23,13,9,436,350,190,151,13.53,1,1758,2.15
1985029,2021-09-29-04-40,Sofia,atp,1. round,indoors,1,1.53,-1.0,Egor Gerasimov,Belarus,196,86,28,112,65,16,24,7,4,387,267,143,87,-9.6,0,,2.19,Vasek Pospisil,Canada,193,88,31,68,25,7,13,1,1,480,341,126,74,-7.23,0,,1.75
1984934,2021-09-29-06-10,San Diego,atp,1. round,hard,2,1.62,0.54,Dominik Koepfer,Germany,180,79,27,66,50,24,23,10,10,233,153,113,68,-2.14,2,1727,2.62,Cameron Norrie,Great Britain,188,82,26,28,28,41,19,15,10,262,154,170,76,14.14,1,1846,1.54
1984047,2021-09-29-07-10,San Diego,atp,1. round,hard,2,1.46,-1.0,Marton Fucsovics,Hungary,188,82,29,41,31,24,17,10,7,418,296,114,78,2.63,2,1834,1.81,Grigor Dimitrov,Bulgaria,191,81,30,29,3,15,14,11,8,509,308,208,128,-2.96,0,1827,2.09
1984930,2021-09-29-09-30,San Diego,atp,1. round,hard,1,1.32,0.26,Lloyd Harris,RSA,193,80,24,32,31,28,18,21,9,309,149,232,84,10.31,3,1853,1.26,Christopher Eubanks,USA,201,82,25,195,147,22,17,16,10,135,114,104,79,-1.74,1,1559,4.21
1984931,2021-09-29-12-10,San Diego,atp,1. round,hard,2,1.63,0.24,Federico Gaio,Italy,180,84,29,154,124,36,31,6,5,499,384,119,83,4.9,0,1524,4.51,Diego Schwartzman,Argentina,170,64,29,15,8,27,18,13,8,565,325,82,74,-10.35,0,1875,1.24
1984439,2021-09-29-19-10,Sofia,atp,1. round,indoors,2,1.53,1.53,Emil Ruusuvuori,Finland,188,79,22,89,66,28,23,3,3,192,97,70,24,0.08,0,,1.58,James Duckworth,Australia,183,82,29,56,56,30,19,6,5,373,230,29,22,17.41,0,,2.53
1985031,2021-09-29-19-10,Sofia,atp,1. round,indoors,2,1.56,1.23,Andreas Seppi,Italy,191,78,37,95,18,22,19,12,4,669,582,183,127,13.05,2,,1.72,Illya Marchenko,Ukraine,185,82,34,151,49,32,23,19,7,548,390,205,115,4.31,2,,2.23
1984447,2021-09-29-21-55,Sofia,atp,1. round,indoors,1,1.41,0.13,Ilya Ivashka,Belarus,193,84,27,45,45,40,18,3,2,330,203,90,55,6.64,0,,1.13,Pablo Andujar,Spain,180,80,35,92,32,19,18,0,0,564,465,28,43,6.77,1,,6.89
1985246,2021-09-30-00-45,Sofia,atp,round of 16,indoors,1,1.61,-1.0,Gianluca Mager,Italy,188,77,26,78,66,27,23,1,1,362,252,59,44,2.28,0,,2.78,Miomir Kecmanovic,Serbia,183,75,22,62,38,14,21,2,1,205,133,17,15,-11.19,1,,1.51
1984442,2021-09-30-01-30,Sofia,atp,1. round,indoors,2,1.64,0.11,Alexandar Lazarov,Bulgaria,191,84,23,462,461,39,15,0,0,187,109,6,9,-2.59,0,,7.58,Filip Krajinovic,Serbia,185,75,29,37,26,15,16,0,1,458,269,68,51,-3.2,0,,1.11
1985717,2021-09-30-04-30,San Diego,atp,1. round,hard,2,1.61,1.04,Kevin Anderson,RSA,203,94,35,69,5,16,14,6,8,584,343,353,178,-4.83,2,1817,1.85,Daniel Evans,Great Britain,175,75,31,22,22,22,18,10,9,537,323,233,129,8.15,0,1814,2.04
1985712,2021-09-30-03-05,Sofia,atp,round of 16,indoors,1,1.42,0.23,Kamil Majchrzak,Poland,180,78,25,125,83,35,19,2,3,334,186,33,27,2.0,0,,1.23,Dimitar Kuzmanov,Bulgaria,193,77,28,226,226,30,24,1,1,482,236,12,25,-2.56,0,,4.79
1984933,2021-09-30-07-15,San Diego,atp,1. round,hard,1,1.38,0.2,Hubert Hurkacz,Poland,196,81,24,12,11,29,16,18,7,268,166,127,59,13.73,0,1858,1.2,Alex Bolt,Australia,183,84,28,144,125,19,15,7,4,374,261,210,156,9.31,2,1564,5.14
1985265,2021-09-30-10-40,San Diego,atp,round of 16,hard,1,1.35,0.33,Andrey Rublev,Russia,188,70,23,5,5,44,15,22,8,329,185,122,67,2.95,0,2003,1.33,Brandon Nakashima,USA,185,77,20,83,83,33,20,16,8,114,62,73,36,-0.02,0,1765,3.68
1985669,2021-09-30-12-05,San Diego,atp,round of 16,hard,2,1.36,-1.0,Lloyd Harris,RSA,193,80,24,32,31,29,18,22,9,310,149,233,84,10.54,0,1853,1.97,Diego Schwartzman,Argentina,170,64,29,15,8,28,18,14,8,566,325,83,74,-10.17,1,1875,1.93
1985734,2021-09-30-19-05,Sofia,atp,round of 16,indoors,1,1.49,0.56,John Millman,Australia,183,79,32,55,33,17,21,3,3,438,291,53,31,-2.03,1,,1.56,Illya Marchenko,Ukraine,185,82,34,151,49,33,23,20,7,549,390,206,115,5.49,1,,2.6
1985500,2021-09-30-19-10,Sofia,atp,round of 16,indoors,1,1.51,-1.0,Marcos Giron,USA,180,77,28,67,64,26,20,5,3,341,202,44,33,8.21,2,,2.45,Alex De Minaur,Australia,183,69,22,26,15,21,19,1,2,230,131,43,23,-10.3,1,,1.62
1985769,2021-10-01-01-00,Sofia,atp,round of 16,indoors,2,1.43,-1.0,Ilya Ivashka,Belarus,193,84,27,45,45,41,18,4,2,331,203,91,55,6.77,1,,1.88,Gael Monfils,France,193,85,35,20,6,11,14,2,1,611,341,148,66,-4.12,1,,2.02
1977950,2021-09-08-02-10,US Open,atp,quarterfinal,hard,2,0.0,0.0,Van De Zandschulp,Netherlands,188,83,25,117,117,45,19,15,3,266,134,26,10,13.7,0,,21.81,Daniil Medvedev,Russia,198,83,25,2,2,44,10,28,4,368,162,150,53,-0.75,0,2099,1.02
1977956,2021-09-08-11-00,US Open,atp,quarterfinal,hard,1,1.53,-1.0,Felix Auger Aliassime,Canada,193,88,21,15,15,32,18,18,8,219,130,74,51,4.86,0,1812,1.47,Carlos Alcaraz,Spain,185,72,18,55,54,38,15,15,6,106,34,28,8,7.42,0,1765,2.91
1979021,2021-09-13-06-00,US Open,atp,final,hard,2,1.3,-1.0,Novak Djokovic,Serbia,187,80,34,1,1,45,5,20,2,1119,237,530,97,3.95,5,2128,1.42,Daniil Medvedev,Russia,198,83,25,2,2,46,10,30,4,370,162,152,53,-0.56,3,2099,3.14
1974765,2021-08-28-10-30,Winston Salem,atp,semifinal,hard,2,1.31,-1.0,Carlos Alcaraz,Spain,185,72,18,54,54,34,14,11,5,102,33,24,7,2.56,0,1765,1.49,Mikael Ymer,Sweden,183,75,22,90,67,21,14,8,3,217,114,43,22,8.05,1,1733,2.84
1992492,2021-10-19-22-30,Antwerp,atp,1. round,indoors,2,1.45,-1.0,Alex De Minaur,Australia,183,69,22,26,15,23,21,1,3,232,133,43,24,-11.2,0,,1.76,Brandon Nakashima,USA,185,77,20,79,79,36,22,11,2,117,64,26,11,-1.16,0,,2.17
1991944,2021-10-19-21-10,Moscow,atp,1. round,indoors,2,1.45,-1.0,Miomir Kecmanovic,Serbia,183,75,22,71,38,14,23,2,2,205,135,17,16,-13.19,0,,1.84,Egor Gerasimov,Belarus,196,86,28,109,65,19,26,10,5,390,269,146,88,-9.72,0,,2.06
1992493,2021-10-19-22-30,Antwerp,atp,1. round,indoors,1,1.45,0.63,Henri Laaksonen,Switzerland,185,78,29,99,93,40,20,11,4,429,336,123,86,19.09,1,,1.63,Benoit Paire,France,196,80,32,47,18,14,31,1,2,544,443,127,103,-8.3,0,,2.4
1992491,2021-10-20-00-25,Antwerp,atp,1. round,indoors,2,1.55,0.76,Reilly Opelka,USA,211,102,24,25,19,20,19,0,2,198,151,33,16,1.43,0,,2.17,Jenson Brooksby,USA,188,82,20,70,70,44,11,6,1,120,57,15,6,15.41,0,,1.76
1991390,2021-10-20-00-25,Antwerp,atp,1. round,indoors,1,1.55,-1.0,Lorenzo Musetti,Italy,185,75,19,69,57,32,25,6,4,113,73,25,16,-5.02,2,,2.05,Gianluca Mager,Italy,188,77,26,67,66,29,25,2,2,364,254,60,45,4.15,0,,1.85
1991393,2021-10-20-02-45,Antwerp,atp,1. round,indoors,1,1.5,-1.0,Jan-Lennard Struff,Germany,193,92,31,50,29,23,25,0,3,548,388,155,108,-1.52,1,,1.52,Albert Ramos-Vinolas,Spain,188,76,33,45,17,25,25,0,0,686,513,21,50,0.92,2,,2.68
1992490,2021-10-20-04-50,Antwerp,atp,1. round,indoors,2,1.57,0.61,Dennis Novak,Austria,183,80,28,114,85,24,24,11,5,450,242,56,45,-1.86,0,,2.46,Marton Fucsovics,Hungary,188,82,29,39,31,24,19,6,2,418,298,113,83,0.63,1,,1.61
1991397,2021-10-20-02-35,Antwerp,atp,1. round,indoors,2,1.48,-1.0,Frances Tiafoe,USA,188,86,23,48,29,32,23,0,0,263,190,32,32,4.12,1,,2.16,Andy Murray,Great Britain,190,83,34,172,1,16,12,8,5,800,262,146,46,-2.87,1,,1.77
1991394,2021-10-20-06-40,Antwerp,atp,1. round,indoors,2,1.76,0.27,Zizou Bergs,Belgium,185,83,22,186,186,41,20,21,4,188,103,47,19,4.99,0,,4.13,Lloyd Harris,RSA,193,80,24,32,31,30,20,0,1,311,151,28,20,9.02,0,,1.27
1991227,2021-10-20-18-05,Moscow,atp,1. round,indoors,1,0.0,0.0,Federico Coria,Argentina,180,73,29,68,61,34,26,0,0,517,317,2,5,3.56,0,,1.58,Alibek Kachmazov,Russia,,,19,638,612,25,18,16,4,44,41,19,9,-6.44,0,,2.51
1991233,2021-10-20-19-40,Moscow,atp,1. round,indoors,1,1.48,0.53,Mackenzie McDonald,USA,178,73,26,55,55,40,22,7,2,245,171,38,26,6.48,0,,1.53,Yoshihito Nishioka,Japan,170,64,26,78,48,16,23,2,2,361,204,42,24,-1.67,3,,2.65
1974174,2021-08-26-06-30,Winston Salem,atp,round of 16,hard,2,1.34,-1.0,Max Purcell,Australia,185,75,23,205,190,15,10,11,6,185,136,145,103,18.27,0,1574,2.79,Mikael Ymer,Sweden,183,75,22,90,67,19,14,6,3,215,114,41,22,5.85,0,1733,1.5
1974214,2021-08-26-09-15,Winston Salem,atp,round of 16,hard,1,1.61,-1.0,Frances Tiafoe,USA,188,86,23,51,29,26,20,13,10,257,187,114,89,2.08,0,1789,1.2,Moura Monteiro Thiago,Brazil,183,78,27,93,74,14,18,8,5,380,282,66,58,-7.08,0,1604,5.29
1990734,2021-10-16-04-15,Indian Wells,atp,quarterfinal,hard,1,1.75,-1.0,Nikoloz Basilashvili,Georgia,185,79,29,36,16,32,24,16,10,439,351,193,152,16.04,0,1755,4.59,Stefanos Tsitsipas,Greece,193,89,23,3,3,54,15,26,7,376,179,158,86,-0.0,2,2037,1.24
1990761,2021-10-16-06-50,Indian Wells,atp,quarterfinal,hard,1,1.59,-1.0,Harry Fritz Taylor,USA,193,86,23,39,24,25,18,19,12,260,180,166,97,3.81,1,1763,5.81,Alexander Zverev,Germany,198,90,24,4,3,47,12,28,5,394,208,155,80,7.39,3,2089,1.17
1989076,2021-10-12-04-10,Indian Wells,atp,3. round,hard,2,1.55,0.39,Lloyd Harris,RSA,193,80,24,31,31,30,19,23,10,311,150,234,85,10.02,0,1845,3.29,Casper Ruud,Norway,183,77,22,10,10,48,12,15,5,263,156,53,39,10.07,1,1953,1.39
1989066,2021-10-12-04-10,Indian Wells,atp,3. round,hard,1,1.44,0.69,Diego Schwartzman,Argentina,170,64,29,15,8,30,19,16,9,568,326,85,75,-10.01,1,1882,1.69,Daniel Evans,Great Britain,175,75,31,22,22,24,19,12,10,539,324,235,130,9.46,0,1815,2.31
1989073,2021-10-12-06-45,Indian Wells,atp,3. round,hard,1,1.49,0.88,Grigor Dimitrov,Bulgaria,191,81,30,28,3,19,15,15,9,513,309,212,129,-1.37,0,1842,1.88,Reilly Opelka,USA,211,102,24,20,19,20,18,14,10,198,150,94,75,2.43,1,1847,2.03
1989549,2021-10-13-04-00,Indian Wells,atp,3. round,hard,2,1.54,0.5,John Isner,USA,208,108,36,23,8,23,11,18,7,537,333,329,170,10.68,1,1875,2.76,Jannik Sinner,Italy,188,76,20,14,14,38,19,22,9,159,86,49,29,-3.74,0,1951,1.5
1989075,2021-10-12-07-30,Indian Wells,atp,3. round,hard,2,1.56,1.28,Denis Shapovalov,Canada,185,75,22,13,10,26,20,11,10,232,143,97,60,-8.82,0,1831,1.71,Aslan Karatsev,Russia,185,,28,24,22,32,17,22,8,394,245,142,69,12.83,0,1831,2.28
1989067,2021-10-12-11-10,Indian Wells,atp,3. round,hard,1,1.75,-1.0,Frances Tiafoe,USA,188,86,23,51,29,32,22,19,12,263,189,120,91,5.12,2,1821,2.55,Hubert Hurkacz,Poland,196,81,24,12,11,31,17,20,8,270,167,129,60,13.28,1,1890,1.58
1989209,2021-10-12-12-45,Indian Wells,atp,3. round,hard,2,1.37,-1.0,Andrey Rublev,Russia,188,70,23,5,5,47,16,25,9,332,186,125,68,2.63,3,2000,1.19,Tommy Paul,USA,185,82,24,60,50,22,19,11,11,293,177,148,97,-4.97,0,1745,5.45
1989159,2021-10-12-12-30,Indian Wells,atp,3. round,hard,1,1.36,0.11,Daniil Medvedev,Russia,198,83,25,2,2,49,10,32,4,373,162,154,53,1.79,1,2131,1.11,Filip Krajinovic,Serbia,185,75,29,34,26,19,17,5,5,462,270,105,81,-2.23,1,1788,7.84
1989069,2021-10-12-13-40,Indian Wells,atp,3. round,hard,1,1.4,0.79,Cameron Norrie,Great Britain,188,82,26,26,26,46,20,20,11,267,155,175,77,17.79,1,1886,1.79,Roberto Bautista-Agut,Spain,183,75,33,19,9,28,21,14,9,705,418,277,133,-2.84,0,1844,2.14
1973933,2021-08-25-06-35,Winston Salem,atp,2. round,hard,1,1.74,-1.0,Daniel Evans,Great Britain,175,75,31,27,25,18,16,6,7,533,321,229,127,7.84,1,1808,1.43,Lucas Pouille,France,185,84,27,133,10,10,16,3,0,316,226,92,75,-8.96,0,1673,3.05
1973928,2021-08-25-06-35,Winston Salem,atp,2. round,hard,1,1.33,0.9,Emil Ruusuvuori,Finland,188,79,22,76,69,21,20,16,9,185,94,77,29,-1.22,0,1732,1.9,Alexander Bublik,Kazakhstan,198,77,24,37,37,28,22,13,10,269,180,116,73,5.27,0,1793,2.0
1973934,2021-08-25-07-45,Winston Salem,atp,2. round,hard,2,1.57,0.25,Yosuke Watanuki,Japan,180,63,23,255,171,11,10,5,5,133,89,85,52,5.31,0,1540,4.41,Marton Fucsovics,Hungary,188,82,29,42,31,23,14,9,5,417,293,113,76,5.37,0,1874,1.25
1973286,2021-08-25-08-05,Winston Salem,atp,2. round,hard,1,1.51,-1.0,Mikael Ymer,Sweden,183,75,22,90,67,18,14,5,3,214,114,40,22,5.07,0,1733,1.79,Albert Ramos-Vinolas,Spain,188,76,33,48,17,22,21,2,5,683,509,93,102,-0.6,1,1691,2.15
1973927,2021-08-25-06-35,Winston Salem,atp,2. round,hard,1,1.69,-1.0,Ilya Ivashka,Belarus,193,84,27,63,63,30,16,7,5,320,201,170,97,3.05,0,1798,2.07,Marin Cilic,Croatia,198,89,32,36,3,22,15,6,7,653,348,247,136,-1.51,1,1818,1.85
1973963,2021-08-25-05-10,Winston Salem,atp,2. round,hard,1,1.66,-1.0,Pierre-Hugues Herbert,France,188,75,30,104,36,12,14,3,5,431,306,114,91,-0.71,0,,1.48,Federico Coria,Argentina,180,73,29,61,61,32,22,2,4,515,313,8,16,7.34,0,1616,2.89
1973284,2021-08-25-05-10,Winston Salem,atp,2. round,hard,1,2.0,-1.0,Benoit Paire,France,196,80,32,49,18,12,26,5,9,542,438,134,125,-5.78,3,1656,1.68,Gilles Simon,France,183,70,36,103,6,4,16,2,3,746,522,255,183,-10.05,6,1660,2.33
1973932,2021-08-25-06-10,Winston Salem,atp,2. round,hard,1,1.84,-1.0,Jan-Lennard Struff,Germany,193,92,31,52,29,21,21,6,8,546,384,67,72,1.64,0,1764,1.44,Gianluca Mager,Italy,188,77,26,70,70,26,20,3,4,361,249,30,32,3.61,1,1631,3.01
1973281,2021-08-25-05-10,Winston Salem,atp,2. round,hard,1,1.17,0.25,Pablo Carreno-Busta,Spain,188,78,30,12,10,30,11,11,5,550,292,150,76,7.26,1,1959,1.25,Woo Kwon Soon,South Korea,180,72,23,74,69,20,16,2,6,234,143,171,101,1.35,0,1701,4.45
1978350,2021-09-09-11-00,US Open,atp,"quarterfinal,",hard,1,1.08,0.12,Novak Djokovic,Serbia,187,80,34,1,1,43,5,18,2,1117,237,528,97,3.45,3,2128,1.12,Matteo Berrettini,Italy,196,95,25,8,8,37,8,13,3,288,135,113,52,5.07,0,1961,7.78
1982669,2021-09-21-21-40,Metz,atp,1. round,indoors,2,1.53,0.19,Alexandre Muller,France,183,75,24,203,189,21,26,2,4,324,199,34,35,-10.18,0,,5.27,Karen Khachanov,Russia,198,87,25,27,8,28,19,3,2,316,218,93,64,-2.55,0,,1.19
1982634,2021-09-21-20-45,Nur-Sultan,atp,1. round,indoors,2,1.53,0.5,Dmitry Popko,Kazakhstan,191,87,24,188,165,28,29,6,5,448,271,25,26,-4.54,0,,2.75,John Millman,Australia,183,79,32,48,33,14,20,0,2,435,290,50,30,-3.58,0,,1.5
1981630,2021-09-21-23-00,Nur-Sultan,atp,1. round,indoors,2,1.45,-1.0,Benoit Paire,France,196,80,32,53,18,13,28,0,0,543,440,126,101,-7.11,0,,1.94,Egor Gerasimov,Belarus,196,86,28,97,65,13,23,4,3,384,266,140,86,-10.35,2,,1.94
1981865,2021-09-22-00-00,Metz,atp,1. round,indoors,1,1.38,0.38,Alejandro Davidovich Fokina,Spain,183,80,22,45,32,25,19,5,5,192,122,18,17,-2.26,0,,1.38,Gilles Simon,France,183,70,36,99,6,4,18,0,2,746,524,210,122,-12.05,0,,3.27
1981862,2021-09-22-03-25,Metz,atp,1. round,indoors,1,1.55,-1.0,Andy Murray,Great Britain,190,83,34,113,1,11,9,6,4,795,259,144,45,-3.45,1,,2.4,Ugo Humbert,France,188,73,23,26,25,19,18,4,3,225,139,87,51,-2.85,0,,1.63
1981625,2021-09-22-17-30,Nur-Sultan,atp,1. round,indoors,1,1.43,0.61,Emil Ruusuvuori,Finland,188,79,22,84,66,26,22,1,2,190,96,68,23,-0.53,0,,1.61,Benjamin Bonzi,France,185,76,25,61,61,56,21,19,7,347,193,79,57,7.05,1,,2.45
1983149,2021-09-22-16-10,Nur-Sultan,atp,round of 16,indoors,2,1.54,0.1,Timofey Skatov,Kazakhstan,173,73,20,280,274,31,21,2,4,97,71,5,8,8.21,0,,8.49,Ilya Ivashka,Belarus,193,84,27,52,52,38,17,1,1,328,202,88,54,7.06,0,,1.1
1982636,2021-09-22-16-05,Nur-Sultan,atp,1. round,indoors,1,1.38,0.65,Woo Kwon Soon,South Korea,180,72,23,82,69,22,18,9,2,236,145,37,17,-0.54,2,,1.65,Evgeny Donskoy,Russia,185,75,31,150,65,16,22,5,4,467,379,115,100,-1.72,1,,2.37
1983153,2021-09-22-17-55,Nur-Sultan,atp,round of 16,indoors,1,1.46,1.22,Laslo Djere,Serbia,188,82,26,49,27,21,21,1,0,320,208,20,30,-5.26,2,,2.22,Lorenzo Musetti,Italy,185,75,19,57,57,32,22,6,2,113,70,25,14,-2.04,0,,1.74
1981631,2021-09-22-19-00,Nur-Sultan,atp,1. round,indoors,1,1.6,-1.0,Carlos Taberner,Spain,183,78,24,117,102,35,21,1,1,351,182,20,19,-3.99,0,,2.43,Ricardas Berankis,Lithuania,175,77,31,109,50,17,17,0,0,545,345,176,91,-3.97,0,,1.62
1974976,2021-08-31-01-10,US Open,atp,hard,hard,1,1.57,-1.0,Henri Laaksonen,Switzerland,185,78,29,130,93,28,18,6,4,417,334,94,79,11.96,0,1635,2.51,John Millman,Australia,183,79,32,43,33,14,19,5,7,435,289,257,154,-2.58,1,1732,1.6
1974977,2021-08-31-01-10,US Open,atp,hard,hard,1,1.7,-1.0,Peter Gojowczyk,Germany,188,83,32,141,39,28,20,6,3,583,431,183,131,4.15,0,1625,4.62,Ugo Humbert,France,188,73,23,26,25,19,17,6,6,225,138,95,46,-1.85,0,1872,1.24
1974978,2021-08-31-02-30,US Open,atp,hard,hard,1,1.34,0.03,Andrey Rublev,Russia,188,70,23,7,7,41,14,20,7,326,184,120,66,3.58,0,1995,1.03,Ivo Karlovic,Croatia,211,104,42,221,14,6,7,5,4,573,475,272,214,0.36,0,1608,17.38
1974722,2021-08-31-01-10,US Open,atp,hard,hard,2,1.63,0.31,Moura Monteiro Thiago,Brazil,183,78,27,93,74,14,19,8,6,380,283,66,59,-8.08,0,1604,3.87,Daniel Evans,Great Britain,175,75,31,27,25,19,17,7,8,534,322,230,128,7.22,2,1808,1.31
1974709,2021-08-31-01-10,US Open,atp,hard,hard,1,1.8,-1.0,Dusan Lajovic,Serbia,183,83,31,40,23,15,21,7,8,507,386,98,82,0.27,1,1701,2.43,Benoit Paire,France,196,80,32,49,18,13,27,6,10,543,439,135,126,-6.11,2,1656,1.63
1974715,2021-08-31-01-10,US Open,atp,hard,hard,1,1.7,-1.0,Facundo Bagnis,Argentina,183,82,31,80,55,32,19,0,3,570,389,28,43,3.66,0,1607,2.41,Taro Daniel,Japan,191,80,28,109,64,25,18,2,4,502,320,133,103,-5.13,4,1625,1.64
1974719,2021-08-31-01-10,US Open,atp,hard,hard,2,1.52,0.14,Ricardas Berankis,Lithuania,175,77,31,96,50,16,16,9,7,544,344,233,150,-3.02,0,1714,6.77,Diego Schwartzman,Argentina,170,64,29,14,8,23,15,10,7,561,322,79,73,-8.14,0,1858,1.14
1974975,2021-08-31-01-10,US Open,atp,hard,hard,2,1.76,0.06,Evgeny Donskoy,Russia,185,75,31,152,65,13,20,6,5,464,377,207,131,-1.45,0,1515,11.73,Felix Auger Aliassime,Canada,193,88,21,15,15,28,18,14,8,215,130,70,51,3.15,0,1812,1.06
1974974,2021-08-31-01-10,US Open,atp,hard,hard,2,1.97,0.63,Feliciano Lopez,Spain,188,88,39,97,12,12,20,5,9,613,565,260,234,-8.12,0,1664,2.44,Bernabe Zapata Miralles,Spain,183,82,24,116,110,39,21,5,4,346,233,63,52,1.88,0,1669,1.63
1974718,2021-08-31-01-10,US Open,atp,hard,hard,2,1.35,-1.0,Jiri Vesely,Czech Republic,198,94,28,90,35,13,19,4,4,397,271,95,74,-11.16,3,1660,4.23,Kevin Anderson,RSA,203,94,35,77,5,14,12,4,6,582,341,351,176,-3.29,3,1812,1.27
1976303,2021-08-31-05-00,US Open,atp,hard,hard,1,1.0,0.05,Casper Ruud,Norway,183,77,22,11,11,39,11,9,4,254,155,47,38,7.51,1,1907,1.05,Yuichi Sugita,Japan,175,72,32,131,36,7,13,3,4,533,376,331,230,-2.68,0,1542,13.83
1974983,2021-08-31-06-15,US Open,atp,hard,hard,1,1.36,0.38,Alex Molcan,Slovakia,178,73,23,138,136,48,17,6,2,193,112,47,23,14.55,0,1674,1.38,Cem Ilkel,Turkey,183,82,26,188,188,28,19,14,6,338,253,246,145,7.54,0,1500,3.31
1974980,2021-08-31-05-50,US Open,atp,hard,hard,1,1.28,6.19,Marco Trungelliti,Argentina,178,78,31,198,112,23,14,3,1,496,333,67,52,14.79,2,1545,7.19,Alejandro Davidovich Fokina,Spain,183,80,22,32,32,25,18,3,4,192,121,77,42,-1.26,0,1846,1.13
1974713,2021-08-31-04-50,US Open,atp,hard,hard,2,1.47,-1.0,Andy Murray,Great Britain,190,83,34,112,1,10,7,2,2,794,257,383,118,-1.51,0,1825,12.75,Stefanos Tsitsipas,Greece,193,89,23,3,3,48,14,21,6,370,178,153,85,0.08,0,2040,1.06
1974723,2021-08-31-02-40,US Open,atp,hard,hard,2,1.56,2.01,Marin Cilic,Croatia,198,89,32,36,3,22,16,6,8,653,349,247,137,-2.51,5,1818,1.44,Philipp Kohlschreiber,Germany,178,70,37,115,16,12,11,0,1,677,499,207,150,0.69,7,1757,3.01
1974984,2021-08-31-06-40,US Open,atp,hard,hard,2,1.25,-1.0,Kamil Majchrzak,Poland,180,78,25,114,83,27,15,4,3,326,182,53,33,0.59,0,1635,3.1,Emil Ruusuvuori,Finland,188,79,22,66,66,24,21,19,10,188,95,80,30,-0.16,0,1732,1.43
1974717,2021-08-31-03-50,US Open,atp,hard,hard,2,1.22,-1.0,John Isner,USA,208,108,36,22,8,22,9,17,6,536,331,328,169,12.31,1,1882,1.54,Brandon Nakashima,USA,185,77,20,84,83,31,19,14,7,112,61,71,35,-1.14,1,1784,2.66
1974981,2021-08-31-04-05,US Open,atp,hard,hard,1,1.0,0.23,Marcos Giron,USA,180,77,28,64,64,22,18,10,8,337,200,261,142,6.82,1,1724,1.23,Antoine Hoang,France,183,76,25,150,98,22,25,4,1,309,217,57,45,-10.71,0,1528,4.79
1974708,2021-08-31-03-15,US Open,atp,hard,hard,1,1.27,0.37,Cristian Garin,Chile,185,85,25,19,18,18,14,0,4,332,211,40,39,-4.74,0,1772,1.37,Norbert Gombos,Slovakia,193,85,31,111,80,15,23,0,8,498,353,93,78,-9.17,0,1615,3.37
1974705,2021-08-31-03-15,US Open,atp,hard,hard,1,1.36,1.75,Pedro Martinez,Spain,185,76,24,75,73,25,19,2,3,356,193,46,31,1.58,0,1724,2.75,James Duckworth,Australia,183,82,29,68,67,21,17,10,7,364,228,208,129,12.53,0,1679,1.52
1974979,2021-08-31-03-45,US Open,atp,hard,hard,2,1.44,-1.0,Mikhail Kukushkin,Kazakhstan,183,72,33,129,39,9,18,7,6,548,405,194,134,-11.2,2,1628,1.5,Pablo Andujar,Spain,180,80,35,74,32,14,15,1,4,559,462,46,96,4.33,1,1642,2.81
1974982,2021-08-31-07-05,US Open,atp,hard,hard,1,0.0,0.0,De Van,Netherlands,188,83,25,117,117,41,19,11,3,262,134,22,10,3.07,0,,1.32,Carlos Taberner,Spain,183,78,24,105,105,32,18,1,1,348,179,22,15,-1.52,0,1586,3.73
1974986,2021-08-31-09-35,US Open,atp,hard,hard,1,1.85,-1.0,Frances Tiafoe,USA,188,86,23,50,29,27,21,14,11,258,188,115,90,1.27,0,1789,1.2,Christopher Eubanks,USA,201,82,25,214,147,19,15,13,8,132,112,101,77,-2.13,0,1516,5.2
1974711,2021-08-31-07-35,US Open,atp,hard,hard,2,1.2,-1.0,Miomir Kecmanovic,Serbia,183,75,22,63,38,12,19,6,9,203,131,86,57,-9.74,1,1697,1.75,Arthur Rinderknech,France,196,86,26,83,78,45,21,2,2,206,117,60,27,10.9,0,1763,2.21
1974985,2021-08-31-08-20,US Open,atp,hard,hard,1,1.71,-1.0,Dominik Koepfer,Germany,180,79,27,57,50,23,22,9,9,232,152,112,67,-1.55,0,1705,1.44,Quentin Halys,France,191,78,24,183,102,25,18,10,4,282,232,101,68,4.02,0,1538,3.03
1974721,2021-08-31-07-55,US Open,atp,hard,hard,1,1.68,-1.0,Alexei Popyrin,Australia,196,78,22,73,61,24,19,10,9,179,135,93,68,4.76,0,1676,1.25,Radu Albot,Moldavsko,175,69,31,108,39,11,20,3,7,542,400,230,134,2.82,0,1627,4.51
1974707,2021-08-31-12-55,US Open,atp,hard,hard,1,1.85,-1.0,Roberto Bautista-Agut,Spain,183,75,33,21,9,25,20,11,8,702,417,274,132,-3.16,1,1847,1.55,Nick Kyrgios,Australia,193,85,26,86,13,7,6,5,5,257,143,157,86,-1.5,1,1800,2.64
1984153,2021-09-26-23-30,Metz,atp,final,indoors,1,1.52,-1.0,Hubert Hurkacz,Poland,196,81,24,13,11,28,16,4,2,267,166,43,39,12.84,0,,1.93,Pablo Carreno-Busta,Spain,188,78,30,16,10,35,13,3,0,555,294,35,31,7.58,2,,1.98
1986477,2021-10-03-23-30,Sofia,atp,final,indoors,1,1.36,0.66,Jannik Sinner,Italy,188,76,20,14,14,36,19,5,2,157,86,50,17,-4.52,2,,1.66,Gael Monfils,France,193,85,35,20,6,13,14,4,1,613,341,150,66,-2.39,1,,2.37
1986854,2021-10-04-09-00,San Diego,atp,final,hard,2,1.5,0.97,Cameron Norrie,Great Britain,188,82,26,28,28,45,19,19,10,266,154,174,76,18.59,0,1846,1.93,Casper Ruud,Norway,183,77,22,10,10,46,12,13,5,261,156,51,39,9.09,0,1907,1.97
1993498,2021-10-25-22-10,Vienna,atp,1. round,indoors,1,1.58,-1.0,Nikoloz Basilashvili,Georgia,185,79,29,25,16,34,25,2,3,441,352,62,59,19.28,1,,2.5,Pablo Carreno-Busta,Spain,188,78,30,18,10,36,15,3,1,556,296,35,32,5.68,0,,1.59
1993516,2021-10-25-22-15,Saint Petersburg,atp,1. round,indoors,1,1.61,-1.0,Jan-Lennard Struff,Germany,193,92,31,53,29,24,26,1,4,549,389,156,109,-2.01,0,,1.99,James Duckworth,Australia,183,82,29,51,51,33,22,9,7,376,233,32,24,17.02,0,,1.9
1993510,2021-10-26-00-15,Saint Petersburg,atp,1. round,indoors,2,1.73,0.14,Nino Serdarusic,Croatia,191,85,24,248,192,25,29,0,3,285,226,27,37,-7.72,0,,6.65,Sebastian Korda,USA,193,75,21,38,38,29,17,6,2,155,100,23,13,5.54,0,,1.14
1993515,2021-10-26-01-45,Saint Petersburg,atp,1. round,indoors,1,0.0,0.0,Alexander Bublik,Kazakhstan,198,77,24,34,34,31,26,6,4,272,184,79,48,2.4,0,,1.23,Evgenii Tiurnev,Russia,,,24,304,293,19,14,15,6,272,158,112,48,1.23,3,,4.67
1993497,2021-10-26-01-00,Vienna,atp,1. round,indoors,1,1.43,0.69,Carlos Alcaraz,Spain,185,72,18,42,38,38,17,0,1,106,36,0,1,5.44,0,,1.69,Daniel Evans,Great Britain,175,75,31,24,22,24,20,0,0,539,325,159,84,8.46,0,,2.28
1994219,2021-10-26-01-05,Vienna,atp,1. round,indoors,1,1.61,-1.0,Alex De Minaur,Australia,183,69,22,32,15,23,22,1,4,232,134,43,25,-12.2,0,,1.97,Kevin Anderson,RSA,203,94,35,61,5,20,16,2,0,588,345,82,57,-4.91,0,,1.92
1993496,2021-10-26-02-50,Vienna,atp,1. round,indoors,2,1.22,-1.0,Hubert Hurkacz,Poland,196,81,24,10,10,33,18,5,2,272,168,44,39,13.4,2,,1.59,Andy Murray,Great Britain,190,83,34,156,1,17,13,9,6,801,263,147,47,-3.14,0,,2.49
1994220,2021-10-26-05-50,Vienna,atp,1. round,indoors,2,1.62,0.3,Alexei Popyrin,Australia,196,78,22,77,61,29,22,7,1,184,138,30,21,5.36,0,,3.85,Matteo Berrettini,Italy,196,95,25,7,7,39,10,1,0,290,137,62,30,3.89,2,,1.3
1993513,2021-10-26-20-00,Saint Petersburg,atp,1. round,indoors,2,1.56,0.58,Pedro Martinez,Spain,185,76,24,58,58,36,23,4,2,367,197,8,13,5.28,1,,2.52,Tommy Paul,USA,185,82,24,54,50,24,21,3,2,295,179,31,23,-2.26,2,,1.58
1993509,2021-10-26-20-00,Saint Petersburg,atp,1. round,indoors,2,1.64,0.32,Laslo Djere,Serbia,188,82,26,52,27,23,25,3,3,322,212,22,33,-6.79,0,,3.7,Ilya Ivashka,Belarus,193,84,27,46,43,41,18,4,2,331,203,91,55,5.77,1,,1.32
1978605,2021-09-11-05-00,US Open,atp,semifinal,hard,2,1.87,0.17,Felix Auger Aliassime,Canada,193,88,21,15,15,33,18,19,8,220,130,75,51,5.32,0,1859,5.71,Daniil Medvedev,Russia,198,83,25,2,2,45,10,29,4,369,162,151,53,-0.73,1,2099,1.17
1978810,2021-09-11-09-35,US Open,atp,semifinal,hard,1,1.21,0.41,Novak Djokovic,Serbia,187,80,34,1,1,44,5,19,2,1118,237,529,97,3.56,7,2128,1.41,Alexander Zverev,Germany,198,90,24,4,3,43,11,25,4,390,207,152,79,7.45,4,2084,3.16
1991626,2021-10-18-09-50,Indian Wells,atp,final,hard,1,1.47,0.6,Cameron Norrie,Great Britain,188,82,26,26,26,50,20,24,11,271,155,179,77,21.05,1,1886,1.6,Nikoloz Basilashvili,Georgia,185,79,29,36,16,34,24,18,10,441,351,195,152,20.28,0,1755,2.52
1977239,2021-09-06-07-00,US Open,atp,round of 16,hard,2,1.8,0.24,Peter Gojowczyk,Germany,188,83,32,141,39,31,20,9,3,586,431,186,131,9.98,0,1625,4.49,Carlos Alcaraz,Spain,185,72,18,55,54,37,15,14,6,105,34,27,8,7.19,0,1765,1.24
1977246,2021-09-06-01-00,US Open,atp,round of 16,hard,1,0.0,0.0,De Van,Netherlands,188,83,25,117,117,44,19,14,3,265,134,25,10,10.48,0,,4.6,Diego Schwartzman,Argentina,170,64,29,14,8,26,15,13,7,564,322,82,73,-7.35,0,1858,1.24
1977237,2021-09-06-03-30,US Open,atp,round of 16,hard,2,1.96,0.05,Daniel Evans,Great Britain,175,75,31,27,25,22,17,10,8,537,322,233,128,9.03,0,1808,13.44,Daniil Medvedev,Russia,198,83,25,2,2,43,10,27,4,367,162,149,53,-0.78,0,2099,1.05
1977281,2021-09-06-09-30,US Open,atp,round of 16,hard,2,2.0,0.58,Frances Tiafoe,USA,188,86,23,50,29,30,21,17,11,261,188,118,90,4.69,0,1789,2.55,Felix Auger Aliassime,Canada,193,88,21,15,15,31,18,17,8,218,130,73,51,4.31,0,1812,1.58
1977105,2021-09-05-03-30,US Open,atp,3. round,hard,1,1.07,0.04,Novak Djokovic,Serbia,187,80,34,1,1,41,5,16,2,1115,237,526,97,3.4,17,2128,1.04,Kei Nishikori,Japan,178,73,31,56,4,25,15,14,7,574,259,287,131,5.7,2,1881,15.24
1977099,2021-09-05-01-00,US Open,atp,3. round,hard,2,2.0,0.48,Ilya Ivashka,Belarus,193,84,27,53,53,37,16,14,5,327,201,177,97,7.88,0,1798,2.89,Matteo Berrettini,Italy,196,95,25,8,8,35,8,11,3,286,135,111,52,4.47,2,1961,1.48
1977107,2021-09-05-05-30,US Open,atp,3. round,hard,2,0.0,0.0,Aslan Karatsev,Russia,,,28,25,22,29,14,19,6,391,242,139,67,13.63,1,1846,2.03,Jenson Brooksby,USA,188,82,20,99,97,40,9,24,6,116,55,79,40,16.1,0,1830,1.88
1977100,2021-09-05-02-00,US Open,atp,3. round,hard,2,1.72,0.8,Andreas Seppi,Italy,191,78,37,89,18,20,17,3,7,667,580,166,178,14.42,0,1652,2.14,Oscar Otte,Germany,193,79,28,144,129,33,15,5,1,406,229,41,27,1.52,0,1606,1.8
1977104,2021-09-05-04-00,US Open,atp,3. round,hard,2,1.56,0.63,Gael Monfils,France,193,85,35,20,6,9,12,6,5,609,339,226,131,-3.02,1,1749,2.43,Jannik Sinner,Italy,188,76,20,16,15,32,18,20,8,153,85,47,28,-5.02,1,1914,1.63
1977098,2021-09-05-09-25,US Open,atp,3. round,hard,2,1.92,0.54,Nikoloz Basilashvili,Georgia,185,79,29,39,16,27,21,13,8,434,348,190,150,14.51,0,1772,2.67,Reilly Opelka,USA,211,102,24,24,23,18,16,12,9,196,148,92,74,3.6,0,1833,1.54
1977106,2021-09-05-11-00,US Open,atp,3. round,hard,1,1.33,0.04,Alexander Zverev,Germany,198,90,24,4,3,40,11,22,4,387,207,149,79,7.12,1,2049,1.04,Jack Sock,USA,191,88,28,184,8,18,12,12,6,299,230,152,129,0.51,2,1678,15.57
1977109,2021-09-05-09-05,US Open,atp,3. round,hard,1,1.0,1.59,Lloyd Harris,RSA,193,80,24,46,46,25,17,19,8,306,148,230,83,8.99,1,1800,2.59,Denis Shapovalov,Canada,185,75,22,10,10,24,17,9,8,230,140,95,58,-6.76,0,1852,1.57
1981628,2021-09-20-20-40,Nur-Sultan,atp,1. round,indoors,2,1.43,-1.0,Jiri Vesely,Czech Republic,198,94,28,88,35,16,22,1,1,400,274,48,46,-12.82,1,,1.63,Jaume Munar,Spain,183,76,24,71,52,32,20,0,0,291,192,8,19,-7.2,0,,2.41
1981632,2021-09-20-22-45,Nur-Sultan,atp,1. round,indoors,2,1.63,0.41,Fernando Verdasco,Spain,188,90,37,134,7,6,12,0,0,694,497,94,79,-7.24,1,,3.1,Miomir Kecmanovic,Serbia,183,75,22,60,38,12,20,0,0,203,132,15,14,-10.74,0,,1.41
1981626,2021-09-20-20-20,Nur-Sultan,atp,1. round,indoors,2,1.55,2.57,Andreas Seppi,Italy,191,78,37,87,18,20,18,10,3,667,581,181,126,13.42,0,,1.34,Timofey Skatov,Kazakhstan,173,73,20,280,274,30,21,1,4,96,71,4,8,5.79,0,,3.57
1981629,2021-09-21-01-20,Nur-Sultan,atp,1. round,indoors,1,1.44,0.68,Laslo Djere,Serbia,188,82,26,49,27,20,21,0,0,319,208,19,30,-5.88,0,,1.68,Elahi Galan Daniel,Colombia,191,72,25,108,103,25,24,0,1,278,219,2,8,-0.94,0,,2.31
1981864,2021-09-21-03-30,Metz,atp,1. round,indoors,1,1.43,0.38,Nikoloz Basilashvili,Georgia,185,79,29,36,16,27,22,0,2,434,349,60,58,13.51,0,,1.38,Gianluca Mager,Italy,188,77,26,78,66,26,22,0,0,361,251,58,43,1.61,1,,3.29
1981866,2021-09-21-00-10,Metz,atp,1. round,indoors,1,1.44,1.21,Lorenzo Sonego,Italy,191,76,26,24,23,24,18,2,2,311,193,51,34,2.43,2,,2.21,Marton Fucsovics,Hungary,188,82,29,41,31,24,16,6,1,418,295,113,82,3.61,3,,1.74
1981861,2021-09-21-02-00,Metz,atp,1. round,indoors,2,1.45,-1.0,Gregoire Barrere,France,183,80,27,151,80,25,20,11,7,368,273,176,119,-4.83,0,,2.42,Vasek Pospisil,Canada,193,88,31,66,25,6,12,0,0,479,340,125,73,-6.85,0,,1.63
1982633,2021-09-21-16-10,Nur-Sultan,atp,1. round,indoors,2,1.49,-1.0,Elias Ymer,Sweden,183,79,25,169,105,30,22,2,2,295,223,57,44,3.76,1,,5.09,Ilya Ivashka,Belarus,193,84,27,52,52,37,17,0,1,327,202,87,54,6.88,0,,1.2
1982635,2021-09-21-18-05,Nur-Sultan,atp,1. round,indoors,2,1.61,0.34,Marc Polmans,Australia,188,78,24,165,116,21,24,2,3,272,207,10,12,-11.55,0,,3.53,Lorenzo Musetti,Italy,185,75,19,57,57,31,22,5,2,112,70,24,14,-2.37,0,,1.34
1982194,2021-09-21-19-05,Metz,atp,1. round,indoors,1,1.41,1.24,Mikael Ymer,Sweden,183,75,23,75,67,22,16,0,1,218,116,64,30,7.79,1,,2.24,Jan-Lennard Struff,Germany,193,92,31,55,29,22,23,0,2,547,386,155,107,0.07,0,,1.72
1981863,2021-09-21-19-05,Metz,atp,1. round,indoors,2,1.38,-1.0,Arthur Rinderknech,France,196,86,26,74,74,49,23,21,8,210,119,61,34,11.04,0,,1.63,Marcos Giron,USA,180,77,28,69,64,23,19,2,2,338,201,41,32,6.03,1,,2.42
1982670,2021-09-21-20-30,Metz,atp,1. round,indoors,1,1.39,0.33,Philipp Kohlschreiber,Germany,178,70,37,107,16,14,13,1,1,679,501,112,101,0.88,1,,1.33,Marco Cecchinato,Italy,185,78,28,83,16,29,24,0,0,474,322,33,32,-8.44,2,,3.59
1993647,2021-10-25-00-45,Moscow,atp,final,indoors,2,1.58,0.75,Marin Cilic,Croatia,198,89,33,41,3,26,17,6,1,657,350,130,69,-1.16,1,,2.2,Aslan Karatsev,Russia,185,,28,22,22,36,18,3,1,398,246,93,68,14.56,0,,1.75
1993641,2021-10-25-00-45,Antwerp,atp,final,indoors,1,1.43,0.49,Jannik Sinner,Italy,188,76,20,16,14,41,20,9,2,162,87,54,17,-3.36,0,,1.49,Diego Schwartzman,Argentina,170,64,29,13,8,35,20,3,1,573,327,25,19,-5.61,0,,2.84
1992656,2021-10-21-21-40,Moscow,atp,round of 16,indoors,2,1.42,-1.0,Andrey Rublev,Russia,188,70,24,6,5,47,17,6,0,332,187,94,50,1.63,1,,1.09,Adrian Mannarino,France,180,79,33,51,22,11,21,2,3,610,468,214,146,-8.95,0,,9.4
1992857,2021-10-21-22-40,Antwerp,atp,round of 16,indoors,2,1.47,-1.0,Roberto Bautista-Agut,Spain,183,75,33,20,9,28,22,3,2,705,419,108,74,-3.84,1,,1.65,Marton Fucsovics,Hungary,188,82,29,39,31,25,19,7,2,419,298,114,83,1.22,0,,2.38
1992732,2021-10-22-00-25,Moscow,atp,round of 16,indoors,2,1.76,0.4,Egor Gerasimov,Belarus,196,86,28,109,65,20,26,11,5,391,269,147,88,-8.71,2,,3.23,Aslan Karatsev,Russia,185,,28,22,22,33,18,0,1,395,246,90,68,12.95,3,,1.4
1992959,2021-10-22-04-05,Moscow,atp,round of 16,indoors,1,1.72,-1.0,Gilles Simon,France,183,70,36,117,6,5,20,1,4,747,526,211,124,-13.5,1,,4.02,Mackenzie McDonald,USA,178,73,26,55,55,41,22,8,2,246,171,39,26,7.0,1,,1.29
1992858,2021-10-22-02-45,Antwerp,atp,round of 16,indoors,2,1.48,-1.0,Andy Murray,Great Britain,190,83,34,172,1,17,12,9,5,801,262,147,46,-2.14,0,,1.81,Diego Schwartzman,Argentina,170,64,29,13,8,32,20,0,1,570,327,22,19,-8.51,0,,2.12
1992737,2021-10-22-05-20,Antwerp,atp,round of 16,indoors,1,1.47,0.53,Brandon Nakashima,USA,185,77,20,79,79,37,22,12,2,118,64,27,11,-0.04,0,,1.53,Henri Laaksonen,Switzerland,185,78,29,99,93,41,20,12,4,430,336,124,86,19.68,0,,2.71
1993224,2021-10-22-18-05,Moscow,atp,quarterfinal,indoors,2,1.41,-1.0,Adrian Mannarino,France,180,79,33,51,22,12,21,3,3,611,468,215,146,-1.45,5,,1.77,Ricardas Berankis,Lithuania,175,77,31,107,50,22,21,5,4,550,349,181,95,-6.0,3,,2.18
1988659,2021-10-11-04-10,Indian Wells,atp,2. round,hard,1,1.31,0.09,Matteo Berrettini,Italy,196,95,25,7,7,38,9,13,4,289,136,113,53,4.81,0,1973,1.09,Alejandro Tabilo,Chile,188,75,24,184,156,28,28,9,7,264,175,67,48,-0.94,0,1499,9.62
1988688,2021-10-11-05-40,Indian Wells,atp,2. round,hard,2,1.4,-1.0,Brandon Nakashima,USA,185,77,20,79,79,34,21,17,9,115,63,74,37,-0.88,1,1765,1.72,Harry Fritz Taylor,USA,193,86,23,39,24,22,18,16,12,257,180,163,97,-1.36,1,1766,2.25
1988691,2021-10-11-04-10,Indian Wells,atp,2. round,hard,2,1.6,0.19,John Millman,Australia,183,79,32,90,33,19,22,6,8,440,292,258,155,-1.63,0,1720,5.39,Jannik Sinner,Italy,188,76,20,14,14,37,19,21,9,158,86,48,29,-3.91,0,1912,1.19
1988663,2021-10-11-04-10,Indian Wells,atp,2. round,hard,1,1.59,-1.0,Kevin Anderson,RSA,203,94,35,67,5,17,15,7,9,585,344,354,179,-5.33,0,1817,1.96,Lorenzo Sonego,Italy,191,76,26,21,21,27,20,9,10,314,195,47,42,3.49,0,1783,1.94
1988714,2021-10-11-04-10,Indian Wells,atp,2. round,hard,1,1.47,0.22,Gael Monfils,France,193,85,35,18,6,13,15,6,6,613,342,226,132,-3.39,1,1786,1.22,Gianluca Mager,Italy,188,77,26,71,66,29,24,4,6,364,253,31,34,5.15,0,1600,4.85
1988673,2021-10-11-05-35,Indian Wells,atp,2. round,hard,1,1.59,-1.0,Fabio Fognini,Italy,178,79,34,30,9,21,21,11,11,610,458,132,134,-2.32,2,1791,1.85,Jan-Lennard Struff,Germany,193,92,31,53,29,23,24,8,10,548,387,69,74,-0.52,1,2140,2.06
1988679,2021-10-11-07-35,Indian Wells,atp,2. round,hard,2,1.69,0.2,Jenson Brooksby,USA,188,82,20,76,76,42,10,26,7,118,56,81,41,15.98,0,1884,5.18,Alexander Zverev,Germany,198,90,24,4,3,44,12,25,5,391,208,152,80,6.82,0,2089,1.2
1988690,2021-10-11-08-05,Indian Wells,atp,2. round,hard,2,1.72,0.5,Aleksandar Vukic,Australia,188,84,25,202,183,25,21,7,3,205,152,99,75,-0.49,0,1575,2.8,Alex De Minaur,Australia,183,69,22,27,15,21,20,8,9,230,132,108,57,-11.3,0,1774,1.5
1988683,2021-10-11-07-30,Indian Wells,atp,2. round,hard,2,1.73,0.12,Emilio Gomez,Ecuador,185,81,29,174,143,35,26,23,12,356,260,164,100,1.81,0,1518,7.67,Pablo Carreno-Busta,Spain,188,78,30,16,10,35,14,13,7,555,295,152,78,6.58,0,2140,1.12
1988662,2021-10-11-06-35,Indian Wells,atp,2. round,hard,1,1.4,0.79,Cristian Garin,Chile,185,85,25,17,17,20,16,1,5,334,213,41,40,-5.58,0,1749,1.79,Ernesto Escobedo,USA,185,82,25,178,67,26,22,15,9,260,194,200,132,-0.33,0,1564,2.15
1988672,2021-10-11-07-25,Indian Wells,atp,2. round,hard,2,1.21,-1.0,Felix Auger Aliassime,Canada,193,88,21,11,11,33,20,19,9,220,132,75,52,3.33,2,1890,1.21,Albert Ramos-Vinolas,Spain,188,76,33,48,17,24,24,4,7,685,512,95,104,-1.91,0,1688,5.01
1988713,2021-10-11-06-05,Indian Wells,atp,2. round,hard,2,1.34,-1.0,Carlos Alcaraz,Spain,185,72,18,38,38,38,16,15,7,106,35,28,9,6.44,0,1922,1.83,Andy Murray,Great Britain,190,83,34,121,1,15,11,4,4,799,261,385,120,-2.92,0,1811,2.1
1988661,2021-10-11-11-00,Indian Wells,atp,2. round,hard,1,1.46,0.63,Karen Khachanov,Russia,198,87,25,29,8,29,20,15,8,317,219,117,75,-3.36,0,1860,1.63,Emil Ruusuvuori,Finland,188,79,22,91,66,29,24,21,11,193,98,82,31,-0.48,0,1755,2.43
1988689,2021-10-11-11-00,Indian Wells,atp,2. round,hard,2,1.58,0.08,Pedro Martinez,Spain,185,76,24,59,59,34,21,4,4,365,195,48,32,4.7,0,1739,9.77,Stefanos Tsitsipas,Greece,193,89,23,3,3,51,15,23,7,373,179,155,86,-0.43,1,2037,1.08
1988692,2021-10-11-11-00,Indian Wells,atp,2. round,hard,2,1.56,0.64,Christopher Eubanks,USA,201,82,25,194,147,25,18,19,11,138,115,107,80,-0.79,0,1581,2.42,Nikoloz Basilashvili,Georgia,185,79,29,36,16,29,24,13,10,436,351,190,152,12.53,1,1755,1.64
1988660,2021-10-11-13-30,Indian Wells,atp,2. round,hard,1,1.47,0.36,John Isner,USA,208,108,36,23,8,22,11,17,7,536,333,328,170,10.36,1,1875,1.36,Yoshihito Nishioka,Japan,170,64,26,73,48,16,22,5,10,361,203,195,108,-0.67,1,1742,3.43
1993238,2021-10-22-23-00,Antwerp,atp,quarterfinal,indoors,2,1.54,0.58,Marton Fucsovics,Hungary,188,82,29,39,31,26,19,8,2,420,298,115,83,2.59,1,,2.55,Lloyd Harris,RSA,193,80,24,32,31,32,20,2,1,313,151,30,20,9.65,1,,1.58
1993173,2021-10-22-21-40,Moscow,atp,quarterfinal,indoors,2,1.63,0.5,Pedro Martinez,Spain,185,76,24,60,59,36,22,4,1,367,196,8,12,6.28,0,,2.81,Marin Cilic,Croatia,198,89,33,41,3,24,17,4,1,655,350,128,69,-2.1,0,,1.5
1993112,2021-10-23-00-55,Antwerp,atp,quarterfinal,indoors,1,1.34,0.24,Jannik Sinner,Italy,188,76,20,16,14,39,20,7,2,160,87,52,17,-4.11,0,,1.24,Arthur Rinderknech,France,196,86,26,65,65,52,25,24,10,213,121,64,36,10.21,1,,4.61
1993130,2021-10-23-01-30,Moscow,atp,quarterfinal,indoors,2,1.66,0.31,John Millman,Australia,183,79,32,62,33,21,23,6,4,442,293,56,32,-0.98,1,,3.86,Karen Khachanov,Russia,198,87,25,31,8,32,21,5,3,320,220,95,65,-2.39,1,,1.31
1993129,2021-10-23-04-20,Antwerp,atp,quarterfinal,indoors,1,1.38,0.34,Jenson Brooksby,USA,188,82,20,70,70,46,11,8,1,122,57,17,6,16.6,0,,1.34,Alejandro Davidovich Fokina,Spain,183,80,22,44,32,29,22,8,7,196,125,21,19,-3.13,0,,3.58
1993294,2021-10-23-04-15,Moscow,atp,quarterfinal,indoors,2,1.67,0.23,Gilles Simon,France,183,70,36,117,6,6,20,2,4,748,526,212,124,-10.62,0,,4.73,Aslan Karatsev,Russia,185,,28,22,22,34,18,1,1,396,246,91,68,13.32,0,,1.23
1993316,2021-10-23-02-40,Antwerp,atp,quarterfinal,indoors,2,1.52,0.7,Brandon Nakashima,USA,185,77,20,79,79,38,22,13,2,119,64,28,11,0.48,0,,2.29,Diego Schwartzman,Argentina,170,64,29,13,8,33,20,1,1,571,327,23,19,-7.44,0,,1.7
1986289,2021-10-02-23-00,Sofia,atp,semifinal,indoors,2,1.62,0.47,Marcos Giron,USA,180,77,28,67,64,28,20,7,3,343,202,46,33,10.13,0,,2.9,Gael Monfils,France,193,85,35,20,6,12,14,3,1,612,341,149,66,-2.83,0,,1.47
1986355,2021-10-03-01-10,Sofia,atp,semifinal,indoors,1,1.41,0.45,Jannik Sinner,Italy,188,76,20,14,14,35,19,4,2,156,86,49,17,-4.93,0,,1.45,Filip Krajinovic,Serbia,185,75,29,37,26,18,16,3,1,461,269,71,51,-2.12,0,,2.97
1986379,2021-10-03-07-10,San Diego,atp,semifinal,hard,2,1.4,-1.0,Andrey Rublev,Russia,188,70,23,5,5,46,15,24,8,331,185,124,67,3.56,1,2003,1.35,Cameron Norrie,Great Britain,188,82,26,28,28,44,19,18,10,265,154,173,76,16.23,0,1846,3.55
1986419,2021-10-03-09-30,San Diego,atp,semifinal,hard,2,1.78,0.44,Grigor Dimitrov,Bulgaria,191,81,30,29,3,18,14,14,8,512,308,211,128,-0.68,0,1827,3.03,Casper Ruud,Norway,183,77,22,10,10,45,12,12,5,260,156,50,39,8.66,0,1907,1.44
1990199,2021-10-14-04-10,Indian Wells,atp,round of 16,hard,2,1.67,0.58,Aslan Karatsev,Russia,185,,28,24,22,33,17,23,8,395,245,143,69,13.95,1,1831,2.54,Hubert Hurkacz,Poland,196,81,24,12,11,32,17,21,8,271,167,130,60,13.85,1,1890,1.58
1990051,2021-10-14-04-10,Indian Wells,atp,round of 16,hard,1,1.67,-1.0,Diego Schwartzman,Argentina,170,64,29,15,8,31,19,17,9,569,326,86,75,-9.37,4,1882,2.87,Casper Ruud,Norway,183,77,22,10,10,49,12,16,5,264,156,54,39,10.42,2,1953,1.48
1990204,2021-10-14-05-40,Indian Wells,atp,round of 16,hard,2,1.62,0.52,Tommy Paul,USA,185,82,24,60,50,23,19,12,11,294,177,149,97,-0.88,2,1745,2.72,Cameron Norrie,Great Britain,188,82,26,26,26,47,20,21,11,268,155,176,77,18.55,0,1886,1.52
1990410,2021-10-14-07-10,Indian Wells,atp,round of 16,hard,1,1.62,-1.0,Harry Fritz Taylor,USA,193,86,23,39,24,24,18,18,12,259,180,165,97,1.86,0,1763,3.14,Jannik Sinner,Italy,188,76,20,14,14,38,19,22,9,159,86,49,29,-3.24,0,1951,1.42
1990198,2021-10-14-06-15,Indian Wells,atp,round of 16,hard,2,1.5,5.85,Daniil Medvedev,Russia,198,83,25,2,2,50,10,33,4,374,162,155,53,1.88,3,2131,1.14,Grigor Dimitrov,Bulgaria,191,81,30,28,3,20,15,16,9,514,309,213,129,-0.49,1,1842,6.85
1990418,2021-10-14-07-30,Indian Wells,atp,round of 16,hard,1,1.62,-1.0,Nikoloz Basilashvili,Georgia,185,79,29,36,16,31,24,15,10,438,351,192,152,13.78,3,1755,3.31,Karen Khachanov,Russia,198,87,25,29,8,31,20,17,8,319,219,119,75,-1.61,2,1860,1.38
1990483,2021-10-14-11-10,Indian Wells,atp,round of 16,hard,2,1.65,0.25,Alex De Minaur,Australia,183,69,22,27,15,23,20,10,9,232,132,110,57,-10.2,1,1760,4.52,Stefanos Tsitsipas,Greece,193,89,23,3,3,53,15,25,7,375,179,157,86,-0.21,7,2037,1.25
1990423,2021-10-14-13-30,Indian Wells,atp,round of 16,hard,2,1.64,0.2,Gael Monfils,France,193,85,35,18,6,15,15,8,6,615,342,228,132,-2.76,3,1795,5.19,Alexander Zverev,Germany,198,90,24,4,3,46,12,27,5,393,208,154,80,7.19,0,2089,1.2
1991231,2021-10-18-22-20,Moscow,atp,1. round,indoors,1,1.56,-1.0,John Millman,Australia,183,79,32,62,33,19,23,4,4,440,293,54,32,-2.63,0,,2.1,Benjamin Bonzi,France,185,76,25,63,61,57,24,20,10,348,196,80,60,4.26,0,,1.81
1991392,2021-10-19-02-10,Antwerp,atp,1. round,indoors,2,1.4,-1.0,Richard Gasquet,France,183,79,35,73,7,23,16,5,2,718,394,146,84,-3.49,0,,1.57,Dusan Lajovic,Serbia,183,83,31,33,23,16,24,1,3,508,389,62,63,-1.34,1,,2.55
1991941,2021-10-19-01-10,Moscow,atp,1. round,indoors,2,1.55,0.52,Damir Dzumhur,Bosnia and Herzeg.,175,68,29,137,23,32,29,2,1,478,314,82,55,-11.02,0,,2.7,Marin Cilic,Croatia,198,89,33,41,3,22,17,2,1,653,350,126,69,-3.49,1,,1.52
1991391,2021-10-19-00-40,Antwerp,atp,1. round,indoors,2,1.57,0.3,Federico Delbonis,Argentina,193,90,31,40,33,29,21,0,0,528,355,18,30,0.72,0,,3.82,Arthur Rinderknech,France,196,86,26,65,65,50,25,22,10,211,121,62,36,9.37,1,,1.3
1991943,2021-10-19-04-40,Moscow,atp,1. round,indoors,1,1.51,-1.0,James Duckworth,Australia,183,82,29,52,52,32,21,8,6,375,232,31,23,17.64,0,,1.41,Borna Gojo,Croatia,196,90,23,245,208,18,20,3,3,142,103,29,19,-2.86,0,,3.11
1991395,2021-10-19-04-05,Antwerp,atp,1. round,indoors,2,1.52,0.85,Alexei Popyrin,Australia,196,78,22,74,61,27,21,5,0,182,137,28,20,5.5,0,,2.04,Van De Zandschulp,Netherlands,188,83,26,61,61,48,21,1,2,269,136,87,31,12.07,0,,1.85
1991226,2021-10-19-18-10,Moscow,atp,1. round,indoors,2,1.42,-1.0,Roman Safiullin,Russia,185,75,24,160,151,18,19,5,6,296,138,47,30,-0.47,0,,1.9,Adrian Mannarino,France,180,79,33,51,22,10,21,1,3,609,468,213,146,-9.89,0,,1.99
1991230,2021-10-19-18-10,Moscow,atp,1. round,indoors,1,1.53,-1.0,Tommy Paul,USA,185,82,24,54,50,23,20,2,1,294,178,30,22,-1.88,2,,1.71,Mikael Ymer,Sweden,183,75,23,101,67,23,18,1,3,219,118,65,32,6.98,0,,2.25
1991942,2021-10-19-19-30,Moscow,atp,1. round,indoors,2,1.37,-1.0,Alexander Bublik,Kazakhstan,198,77,24,35,34,31,25,6,3,272,183,79,47,3.4,0,,1.48,Illya Marchenko,Ukraine,185,82,34,164,49,35,24,22,8,551,391,208,116,5.41,0,,2.82
1991229,2021-10-19-19-30,Moscow,atp,1. round,indoors,2,1.58,0.73,Guido Pella,Argentina,183,79,31,82,20,8,17,0,0,502,335,12,14,-2.64,1,,2.22,Pedro Martinez,Spain,185,76,24,60,59,34,22,2,1,365,196,6,12,3.7,0,,1.73
1991396,2021-10-19-21-00,Antwerp,atp,1. round,indoors,1,1.35,0.62,Alejandro Davidovich Fokina,Spain,183,80,22,44,32,27,22,6,7,194,125,19,19,-4.26,0,,1.62,Jordan Thompson,Australia,183,82,27,72,43,21,22,0,0,360,236,25,16,-5.83,1,,2.43
1983742,2021-09-24-23-00,Nur-Sultan,atp,quarterfinal,indoors,2,1.55,0.29,Carlos Taberner,Spain,183,78,24,117,102,37,21,3,1,353,182,22,19,-1.14,0,,3.99,Alexander Bublik,Kazakhstan,198,77,24,34,34,30,24,5,2,271,182,78,46,4.12,0,,1.29
1983735,2021-09-24-22-10,Metz,atp,quarterfinal,indoors,2,1.54,0.82,Marcos Giron,USA,180,77,28,69,64,25,19,4,2,340,201,43,32,8.78,0,,2.1,Peter Gojowczyk,Germany,188,83,32,101,39,35,21,15,6,590,432,191,121,12.34,1,,1.82
1983677,2021-09-24-21-05,Nur-Sultan,atp,quarterfinal,indoors,2,1.55,0.52,Laslo Djere,Serbia,188,82,26,49,27,22,21,2,0,321,208,21,30,-4.11,0,,2.72,Woo Kwon Soon,South Korea,180,72,23,82,69,24,18,11,2,238,145,39,17,0.63,0,,1.52
1983842,2021-09-25-02-00,Metz,atp,quarterfinal,indoors,2,1.52,0.64,Nikoloz Basilashvili,Georgia,185,79,29,36,16,29,22,2,2,436,349,62,58,14.49,0,,2.42,Gael Monfils,France,193,85,35,20,6,10,13,1,0,610,340,147,65,-3.67,1,,1.64
1983800,2021-09-25-03-20,Laver Cup,atp,,indoors,1,1.48,0.88,Casper Ruud,Norway,183,77,22,10,10,42,12,0,0,257,156,28,24,6.58,2,,1.88,Reilly Opelka,USA,211,102,24,19,19,19,17,0,1,197,149,33,15,3.13,1,,1.97
1983612,2021-09-25-03-40,Metz,atp,quarterfinal,indoors,2,1.55,0.46,Rune Holger Vitus,Denmark,185,68,18,133,133,61,20,9,0,106,47,10,2,11.99,0,,2.93,Pablo Carreno-Busta,Spain,188,78,30,16,10,33,13,1,0,553,294,33,31,6.18,0,,1.46
1983801,2021-09-25-05-30,Laver Cup,atp,,indoors,1,1.55,-1.0,Matteo Berrettini,Italy,196,95,25,7,7,37,9,0,0,288,136,61,30,4.06,2,,1.74,Felix Auger Aliassime,Canada,193,88,21,11,11,33,19,0,1,220,131,32,22,4.33,1,,2.15
1983802,2021-09-25-10-05,Laver Cup,atp,,indoors,1,1.51,-1.0,Andrey Rublev,Russia,188,70,23,5,5,43,15,5,0,328,185,93,50,2.67,0,,1.35,Diego Schwartzman,Argentina,170,64,29,15,8,27,17,0,0,565,324,22,18,-9.35,1,,3.35
1983899,2021-09-25-18-10,Nur-Sultan,atp,semifinal,indoors,2,1.49,-1.0,Ilya Ivashka,Belarus,193,84,27,52,52,40,17,3,1,330,202,90,54,7.64,1,,1.3,James Duckworth,Australia,183,82,29,65,65,29,18,5,4,372,229,28,21,15.7,1,,3.9
1989468,2021-10-13-04-10,Indian Wells,atp,3. round,hard,2,1.25,-1.0,Matteo Berrettini,Italy,196,95,25,7,7,39,9,14,4,290,136,114,53,4.89,0,1973,1.43,Harry Fritz Taylor,USA,193,86,23,39,24,23,18,17,12,258,180,164,97,-0.15,1,1763,3.09
1989476,2021-10-13-05-30,Indian Wells,atp,3. round,hard,1,1.52,-1.0,Karen Khachanov,Russia,198,87,25,29,8,30,20,16,8,318,219,118,75,-2.74,3,1860,2.17,Pablo Carreno-Busta,Spain,188,78,30,16,10,36,14,14,7,556,295,153,78,6.68,4,2140,1.78
1989475,2021-10-13-06-05,Indian Wells,atp,3. round,hard,2,1.6,0.67,Albert Ramos-Vinolas,Spain,188,76,33,48,17,25,24,5,7,686,512,96,104,1.92,0,1688,2.35,Nikoloz Basilashvili,Georgia,185,79,29,36,16,30,24,14,10,437,351,191,152,13.15,1,1755,1.67
1989473,2021-10-13-07-30,Indian Wells,atp,3. round,hard,2,1.6,0.21,Andy Murray,Great Britain,190,83,34,121,1,16,11,5,4,800,261,386,120,-1.87,3,1810,5.11,Alexander Zverev,Germany,198,90,24,4,3,45,12,26,5,392,208,153,80,7.01,0,2089,1.21
1989469,2021-10-13-11-00,Indian Wells,atp,3. round,hard,1,1.33,0.46,Gael Monfils,France,193,85,35,18,6,14,15,7,6,614,342,227,132,-3.19,5,1795,1.46,Kevin Anderson,RSA,203,94,35,67,5,18,15,8,9,586,344,355,179,-4.38,1,1798,2.96
1989477,2021-10-13-12-55,Indian Wells,atp,3. round,hard,2,1.7,0.16,Fabio Fognini,Italy,178,79,34,30,9,22,21,12,11,611,458,133,134,-1.5,0,1782,6.24,Stefanos Tsitsipas,Greece,193,89,23,3,3,52,15,24,7,374,179,156,86,-0.35,2,2037,1.16
1989474,2021-10-13-13-00,Indian Wells,atp,3. round,hard,2,1.58,0.65,Cristian Garin,Chile,185,85,25,17,17,21,16,2,5,335,213,42,40,-4.76,0,1749,2.38,Alex De Minaur,Australia,183,69,22,27,15,22,20,9,9,231,132,109,57,-10.84,1,1760,1.65
1983211,2021-09-22-21-00,Nur-Sultan,atp,round of 16,indoors,2,1.21,-1.0,Jaume Munar,Spain,183,76,24,71,52,33,20,1,0,292,192,9,19,-5.78,0,,2.18,John Millman,Australia,183,79,32,48,33,15,20,1,2,436,290,51,30,-3.11,0,,1.76
1982667,2021-09-23-00-30,Metz,atp,1. round,indoors,1,1.37,0.38,Lucas Pouille,France,185,84,27,142,10,16,20,5,6,322,230,69,47,-10.31,0,,1.38,Brayden Schnur,Canada,193,84,26,233,92,20,24,6,5,238,184,59,41,6.75,0,,3.29
1981627,2021-09-23-00-30,Nur-Sultan,atp,1. round,indoors,2,1.65,0.49,Mikhail Kukushkin,Kazakhstan,183,72,33,146,39,9,20,0,3,548,407,128,84,-13.2,0,,2.8,James Duckworth,Australia,183,82,29,65,65,26,18,2,4,369,229,25,21,13.26,0,,1.49
1983250,2021-09-23-02-10,Metz,atp,round of 16,indoors,2,1.48,-1.0,Lorenzo Sonego,Italy,191,76,26,24,23,25,18,3,2,312,193,52,34,3.54,0,,1.63,Rune Holger Vitus,Denmark,185,68,18,133,133,60,20,8,0,105,47,9,2,10.59,0,,2.43
1983157,2021-09-23-04-45,Metz,atp,round of 16,indoors,2,1.6,0.5,Mikael Ymer,Sweden,183,75,23,75,67,23,16,1,1,219,116,65,30,8.96,0,,2.8,Pablo Carreno-Busta,Spain,188,78,30,16,10,32,13,0,0,552,294,32,31,5.73,0,,1.5
1983388,2021-09-23-02-55,Metz,atp,round of 16,indoors,2,1.53,0.63,Vasek Pospisil,Canada,193,88,31,66,25,7,12,1,0,480,340,126,73,-6.23,1,,2.44,Andy Murray,Great Britain,190,83,34,113,1,12,9,7,4,796,259,145,45,-2.11,4,,1.63
1983453,2021-09-23-16-10,Nur-Sultan,atp,round of 16,indoors,1,1.3,0.57,Woo Kwon Soon,South Korea,180,72,23,82,69,23,18,10,2,237,145,38,17,0.09,1,,1.57,Dusan Lajovic,Serbia,183,83,31,35,23,16,22,1,2,508,387,62,62,0.63,0,,2.59
1983459,2021-09-23-18-05,Nur-Sultan,atp,round of 16,indoors,2,0.0,0.0,Aslan Karatsev,Russia,,,28,25,22,29,15,0,0,391,243,90,67,12.63,0,,1.86,Emil Ruusuvuori,Finland,188,79,22,84,66,27,22,2,2,191,96,69,23,0.11,0,,2.05
1983543,2021-09-23-20-00,Nur-Sultan,atp,round of 16,indoors,2,1.41,-1.0,Filip Krajinovic,Serbia,185,75,29,37,26,15,15,0,0,458,268,68,50,-2.21,0,,1.66,James Duckworth,Australia,183,82,29,65,65,27,18,3,4,370,229,26,21,13.7,0,,2.36
1986012,2021-10-01-22-40,Sofia,atp,quarterfinal,indoors,2,1.5,0.32,Gianluca Mager,Italy,188,77,26,78,66,28,23,2,1,363,252,60,44,3.93,0,,3.77,Gael Monfils,France,193,85,35,20,6,11,14,2,1,611,341,148,66,-3.13,0,,1.32
1986176,2021-10-02-04-30,San Diego,atp,quarterfinal,hard,2,1.57,1.12,Denis Shapovalov,Canada,185,75,22,13,10,25,19,10,9,231,142,96,59,-8.12,0,1833,1.81,Cameron Norrie,Great Britain,188,82,26,28,28,43,19,17,10,264,154,172,76,15.21,1,1846,2.12
1986058,2021-10-02-03-20,Sofia,atp,quarterfinal,indoors,2,1.54,0.56,Kamil Majchrzak,Poland,180,78,25,125,83,36,19,3,3,335,186,34,27,2.27,0,,2.59,Filip Krajinovic,Serbia,185,75,29,37,26,17,16,2,1,460,269,70,51,-2.64,0,,1.56
1985985,2021-10-02-06-05,San Diego,atp,quarterfinal,hard,1,1.18,0.32,Andrey Rublev,Russia,188,70,23,5,5,45,15,23,8,330,185,123,67,3.27,1,2003,1.32,Diego Schwartzman,Argentina,170,64,29,15,8,29,18,15,8,567,325,84,74,-9.29,1,1875,3.76
1986187,2021-10-02-10-40,San Diego,atp,quarterfinal,hard,2,1.59,0.54,Lorenzo Sonego,Italy,191,76,26,23,23,27,19,9,9,314,194,47,41,4.49,0,1780,2.67,Casper Ruud,Norway,183,77,22,10,10,44,12,11,5,259,156,49,39,8.15,1,1907,1.54
1986232,2021-10-02-12-25,San Diego,atp,quarterfinal,hard,2,1.45,-1.0,Aslan Karatsev,Russia,185,,28,24,22,31,16,21,7,393,244,141,68,13.58,1,1835,1.74,Grigor Dimitrov,Bulgaria,191,81,30,29,3,17,14,13,8,511,308,210,128,-1.87,0,1827,2.22
1993388,2021-10-23-23-00,Antwerp,atp,semifinal,indoors,1,1.42,0.61,Jannik Sinner,Italy,188,76,20,16,14,40,20,8,2,161,87,53,17,-3.89,0,,1.61,Lloyd Harris,RSA,193,80,24,32,31,33,20,3,1,314,151,31,20,10.19,0,,2.49
1993403,2021-10-24-01-30,Antwerp,atp,semifinal,indoors,2,1.5,1.17,Jenson Brooksby,USA,188,82,20,70,70,47,11,9,1,123,57,18,6,16.91,0,,1.78,Diego Schwartzman,Argentina,170,64,29,13,8,34,20,2,1,572,327,24,19,-6.78,0,,2.17
1993404,2021-10-24-01-30,Moscow,atp,semifinal,indoors,2,1.53,1.03,Karen Khachanov,Russia,198,87,25,31,8,33,21,6,3,321,220,96,65,-2.11,4,,1.88,Aslan Karatsev,Russia,185,,28,22,22,35,18,2,1,397,246,92,68,13.53,1,,2.03
1993367,2021-10-24-00-10,Moscow,atp,semifinal,indoors,2,1.65,0.49,Ricardas Berankis,Lithuania,175,77,31,107,50,23,21,6,4,551,349,182,95,-4.81,0,,2.84,Marin Cilic,Croatia,198,89,33,41,3,25,17,5,1,656,350,129,69,-1.6,1,,1.49
1995055,2021-10-28-21-10,Vienna,atp,round of 16,indoors,1,1.54,-1.0,Felix Auger Aliassime,Canada,193,88,21,12,11,34,21,1,2,221,133,33,23,2.62,1,,2.19,Cameron Norrie,Great Britain,188,82,26,14,14,52,20,5,2,273,155,38,31,22.12,0,,1.76
1995416,2021-10-28-22-10,Vienna,atp,round of 16,indoors,2,1.51,0.85,Gael Monfils,France,193,85,35,21,6,16,16,5,2,616,343,151,67,-3.51,2,,2.07,Diego Schwartzman,Argentina,170,64,29,16,8,36,21,4,2,574,328,26,20,-6.26,2,,1.85
1995181,2021-10-28-21-45,Saint Petersburg,atp,round of 16,indoors,1,1.33,0.58,Harry Fritz Taylor,USA,193,86,24,28,24,27,19,1,0,262,181,32,28,7.87,1,,1.58,Tommy Paul,USA,185,82,24,54,50,25,21,4,2,296,179,32,23,-1.75,2,,2.56
1995167,2021-10-29-01-30,Saint Petersburg,atp,round of 16,indoors,1,1.35,0.61,Roberto Bautista-Agut,Spain,183,75,33,20,9,28,23,3,3,705,420,108,75,-4.84,1,,1.61,Mackenzie McDonald,USA,178,73,26,56,55,42,23,9,3,247,172,40,27,6.66,0,,2.47
1995382,2021-10-29-00-05,Vienna,atp,round of 16,indoors,1,1.32,0.38,Casper Ruud,Norway,183,77,22,8,8,50,13,2,0,265,157,30,24,10.14,2,,1.38,Lorenzo Sonego,Italy,191,76,26,23,21,28,21,4,3,315,196,53,35,2.91,0,,3.35
1995391,2021-10-29-01-05,Vienna,atp,round of 16,indoors,2,1.65,0.1,Dennis Novak,Austria,183,80,28,116,85,25,25,12,6,451,243,57,46,-2.19,0,,8.91,Jannik Sinner,Italy,188,76,20,11,11,43,20,11,2,164,87,56,17,-2.66,0,,1.10
1995185,2021-10-29-02-35,Vienna,atp,round of 16,indoors,2,1.61,0.2,Alex De Minaur,Australia,183,69,22,32,15,24,22,2,4,233,134,44,25,-11.24,1,,5.25,Alexander Zverev,Germany,198,90,24,4,3,48,13,2,1,395,209,65,36,6.53,4,,1.20
1995176,2021-10-29-04-40,Vienna,atp,round of 16,indoors,2,1.39,-1.0,Stefanos Tsitsipas,Greece,193,89,23,3,3,55,16,6,2,377,180,62,33,-0.57,4,,1.28,Frances Tiafoe,USA,188,86,23,49,29,35,24,3,1,266,191,35,33,3.86,1,,4.12
1995216,2021-10-29-04-30,Lima 2 challenger,atp,round of 16,clay,2,1.38,-1.0,Gerald Melzer,Austria,188,80,31,297,68,29,12,29,12,454,295,403,231,4.34,0,1524,1.59,Alejandro Tabilo,Chile,188,75,24,174,156,29,29,17,15,265,176,162,103,-1.68,0,1528,2.38
1995189,2021-10-29-03-10,Lima 2 challenger,atp,round of 16,clay,2,1.62,0.36,Jesper De Jong,Netherlands,180,70,21,223,223,31,28,26,17,132,72,71,35,-6.6,0,1501,3.21,Martin Etcheverry Tomas,Argentina,196,82,22,133,133,56,24,55,21,216,107,193,91,5.77,0,,1.36
1995215,2021-10-29-04-05,Las Vegas challenger,atp,round of 16,hard,2,1.63,0.17,Tatsuma Ito,Japan,180,75,33,271,60,8,18,4,10,533,390,354,254,-8.03,1,1431,5.10,Taro Daniel,Japan,191,80,28,120,64,29,23,4,6,506,325,135,105,-7.63,3,1591,1.17
1995208,2021-10-29-03-15,Brest challenger,atp,round of 16,indoors,2,1.37,-1.0,Hugo Gaston,France,173,68,21,107,105,39,25,5,5,142,94,29,34,4.78,2,,1.38,Maxime Janvier,France,193,80,25,234,170,22,31,7,9,298,247,64,64,-7.55,0,,3.09
1995542,2021-10-29-01-30,UK Pro Series,atp,,indoors,1,0.0,0.0,Giles Hussey,Great Britain,,,24,912,912,31,12,6,1,47,20,6,1,9.11,0,,,Daniel Little,Great Britain,,,24,1091,1091,37,19,17,7,57,34,31,18,-5.11,0,,
1995219,2021-10-29-07-30,Lima 2 challenger,atp,round of 16,clay,1,1.28,0.24,Pablo Varillas Juan,Peru,185,78,26,129,117,47,20,45,17,320,206,284,173,7.55,4,2139,1.24,Andrea Collarini,Argentina,185,80,29,262,186,23,34,23,31,475,318,454,281,-13.88,1,1477,4.20
1995218,2021-10-29-07-30,Las Vegas challenger,atp,round of 16,hard,2,1.69,0.74,Jason Kubler,Australia,178,74,28,214,91,24,12,23,11,364,169,124,59,0.06,1,1620,2.11,Emilio Gomez,Ecuador,185,81,29,149,143,36,27,24,13,357,261,165,101,1.32,1,1518,1.74
1995217,2021-10-29-05-40,Las Vegas challenger,atp,round of 16,hard,2,1.29,-1.0,Daniel Altmaier,Germany,191,88,23,111,106,41,25,2,2,309,168,98,39,-2.11,1,1671,1.38,Aleksandar Kovacevic,USA,183,76,23,352,351,18,13,9,8,77,64,43,37,0.45,0,1450,3.12
1995209,2021-10-29-05-40,Las Vegas challenger,atp,round of 16,hard,2,1.76,0.35,Aidan McHugh,Great Britain,178,70,21,374,374,47,24,34,14,151,102,109,61,15.3,0,2140,3.24,Stefan Kozlov,USA,183,79,23,247,115,30,14,20,12,243,182,123,95,10.09,0,1546,1.35
1995367,2021-10-29-05-45,Brest challenger,atp,round of 16,indoors,2,0.0,0.0,Manuel Guinard,France,196,81,25,256,255,33,26,4,5,248,165,54,57,5.34,0,,1.40,Luca Van Assche,France,,,17,680,680,21,17,13,10,28,22,14,13,9.31,0,,3.02
1995211,2021-10-29-09-20,Lima 2 challenger,atp,round of 16,clay,2,1.7,0.19,Cristian Rodriguez,Colombia,180,76,31,425,362,33,22,21,20,331,237,246,191,-0.32,0,2139,4.91,Nicolas Jarry,Chile,198,90,26,202,38,36,19,23,14,294,202,227,124,-1.28,0,1616,1.19
1995607,2021-10-29-19-30,Brest challenger,atp,quarterfinal,indoors,1,1.35,0.55,Brandon Nakashima,USA,185,77,20,70,70,40,23,15,3,121,65,30,12,-0.3,1,,1.55,Henri Laaksonen,Switzerland,185,78,29,103,93,43,21,14,5,432,337,126,87,19.96,0,,2.48
1995641,2021-10-29-20-00,Saint Petersburg,atp,quarterfinal,indoors,1,1.19,0.38,Harry Fritz Taylor,USA,193,86,24,28,24,28,19,2,0,263,181,33,28,8.4,2,,1.38,John Millman,Australia,183,79,32,57,33,23,24,8,5,444,294,58,33,1.08,0,,3.33
1995726,2021-10-30-02-30,Brest challenger,atp,quarterfinal,indoors,1,1.67,-1.0,Maxime Janvier,France,193,80,25,234,170,23,31,8,9,299,247,65,64,-5.59,0,,4.25,Richard Gasquet,France,183,79,35,76,7,25,17,7,3,720,395,148,85,-3.92,1,,1.22
1974694,2021-09-01-02-30,US Open,atp,1. round,hard,2,1.22,-1.0,Yannick Hanfmann,Germany,193,86,29,134,92,13,17,1,3,330,188,51,40,-6.7,1,1619,5.47,Alexander Bublik,Kazakhstan,198,77,24,37,37,28,23,13,11,269,181,116,74,4.27,0,1793,1.19
1974680,2021-09-01-01-10,US Open,atp,1. round,hard,1,0.0,0.0,Aslan Karatsev,Russia,,,27,25,22,27,14,17,6,389,242,137,67,12.96,0,1846,1.33,Jaume Munar,Spain,183,76,24,65,52,32,19,1,2,291,191,46,37,-6.2,1,1640,3.64
1974699,2021-09-01-01-05,US Open,atp,1. round,hard,1,1.78,-1.0,Lorenzo Musetti,Italy,185,75,19,60,58,30,21,8,6,111,69,15,12,-1.79,0,1760,1.46,Emilio Nava,USA,183,74,19,385,379,31,8,9,4,64,38,34,26,8.7,0,1474,2.94
1974701,2021-09-01-01-10,US Open,atp,1. round,hard,2,1.35,-1.0,Karen Khachanov,Russia,198,87,25,28,8,28,18,15,7,316,217,117,74,-1.55,1,1894,1.53,Lloyd Harris,RSA,193,80,24,46,46,23,17,17,8,304,148,228,83,7.06,0,1800,2.68
1974686,2021-09-01-01-10,US Open,atp,1. round,hard,1,1.75,-1.0,Denis Kudla,USA,180,79,29,92,53,31,20,14,8,441,320,195,153,2.76,0,1692,1.57,Laslo Djere,Serbia,188,82,26,51,27,20,20,2,6,319,207,34,45,-4.88,0,1683,2.58
1974703,2021-09-01-05-05,US Open,atp,1. round,hard,1,1.51,-1.0,Roberto Carballes Baena,Spain,183,77,28,95,72,29,23,1,3,476,314,33,36,-7.82,0,1636,6.62,Tommy Paul,USA,185,82,24,54,50,20,17,9,9,291,175,146,95,-3.81,0,1752,1.14
1974695,2021-09-01-05-15,US Open,atp,1. round,hard,1,1.6,-1.0,Gael Monfils,France,193,85,34,20,6,7,12,4,5,607,339,224,131,-3.5,0,1749,1.13,Federico Coria,Argentina,180,73,29,62,61,32,23,2,5,515,314,8,17,6.34,0,1616,7.38
1974677,2021-09-01-05-40,US Open,atp,1. round,hard,1,1.52,-1.0,Tallon Griekspoor,Netherlands,188,85,25,121,105,34,18,5,2,281,164,104,46,8.54,0,1719,3.6,Jan-Lennard Struff,Germany,193,92,31,52,29,22,22,7,9,547,385,68,73,1.07,0,1764,1.34
1974704,2021-09-01-04-40,US Open,atp,1. round,hard,2,1.44,-1.0,Federico Delbonis,Argentina,193,90,30,47,33,29,18,0,4,528,352,63,80,3.72,0,1705,10.03,Denis Shapovalov,Canada,185,75,22,10,10,22,17,7,8,228,140,93,58,-6.91,0,1852,1.08
1974685,2021-09-01-03-25,US Open,atp,1. round,hard,1,1.79,-1.0,Andreas Seppi,Italy,191,78,37,89,18,18,17,1,7,665,580,164,178,3.69,1,1652,5.84,Marton Fucsovics,Hungary,188,82,29,41,31,24,15,10,6,418,294,114,77,4.61,2,1874,1.17
1974987,2021-09-01-03-55,US Open,atp,1. round,hard,1,1.76,-1.0,Oscar Otte,Germany,193,79,28,144,129,31,15,3,1,404,229,39,27,-2.34,0,1606,3.64,Lorenzo Sonego,Italy,191,76,26,23,23,24,17,7,8,311,192,45,40,3.43,4,1777,1.33
1974459,2021-08-27-05-10,Winston Salem,atp,quarterfinal,hard,2,1.29,-1.0,Pablo Carreno-Busta,Spain,188,78,30,12,10,32,11,13,5,552,292,152,76,7.73,2,1959,1.49,Ilya Ivashka,Belarus,193,84,27,63,63,32,16,9,5,322,201,172,97,4.83,0,1798,2.82
1974464,2021-08-27-06-30,Winston Salem,atp,quarterfinal,hard,2,1.69,0.6000000000000001,Richard Gasquet,France,183,79,35,82,7,18,12,6,3,713,390,259,154,-1.02,0,1772,2.51,Emil Ruusuvuori,Finland,188,79,22,76,69,23,20,18,9,187,94,79,29,0.3,0,1732,1.6
1974470,2021-08-27-11-00,Winston Salem,atp,quarterfinal,hard,2,1.47,-1.0,Marcos Giron,USA,180,77,28,65,64,22,17,10,7,337,199,261,141,7.82,0,1724,2.37,Carlos Alcaraz,Spain,185,72,18,54,54,33,14,10,5,101,33,23,7,2.01,0,1765,1.66
1995001,2021-10-27-21-20,Vienna,atp,1. round,indoors,1,1.35,0.42,Lorenzo Sonego,Italy,191,76,26,23,21,27,21,3,3,314,196,52,35,2.49,0,,1.42,Dominik Koepfer,Germany,180,79,27,62,50,25,26,1,1,234,156,39,27,-4.76,0,,3.05
1993491,2021-10-27-23-30,Vienna,atp,1. round,indoors,1,1.38,0.28,Gael Monfils,France,193,85,35,21,6,15,16,4,2,615,343,150,67,-3.76,0,,1.28,Lorenzo Musetti,Italy,185,75,19,67,57,33,26,7,5,114,74,26,17,-5.02,0,,4.06
1993492,2021-10-27-23-00,Vienna,atp,1. round,indoors,2,1.67,0.37,Fabio Fognini,Italy,178,79,34,36,9,22,22,0,0,611,459,39,50,-2.5,1,,3.34,Diego Schwartzman,Argentina,170,64,29,16,8,35,21,3,2,573,328,25,20,-6.61,2,,1.37
1993495,2021-10-27-22-10,Vienna,atp,1. round,indoors,2,1.65,0.25,Reilly Opelka,USA,211,102,24,27,19,20,20,0,3,198,152,33,17,0.43,0,,4.38,Jannik Sinner,Italy,188,76,20,11,11,42,20,10,2,163,87,55,17,-2.91,0,,1.25
1993511,2021-10-27-22-15,Saint Petersburg,atp,1. round,indoors,1,1.38,0.32,Marin Cilic,Croatia,198,89,33,35,3,26,18,6,2,657,351,130,70,-2.16,5,,1.32,Albert Ramos-Vinolas,Spain,188,76,33,43,17,25,26,0,1,686,514,21,51,-0.08,3,,3.7
1994845,2021-10-28-01-30,Vienna,atp,round of 16,indoors,2,1.44,-1.0,Andy Murray,Great Britain,190,83,34,156,1,18,13,10,6,802,263,148,47,-1.7,1,,1.65,Carlos Alcaraz,Spain,185,72,18,42,38,39,17,1,1,107,36,1,1,6.13,0,,2.38
1995012,2021-10-28-01-30,Saint Petersburg,atp,round of 16,indoors,1,1.37,0.41,Andrey Rublev,Russia,188,70,24,6,5,47,18,6,1,332,188,94,51,0.63,1,,1.41,Ilya Ivashka,Belarus,193,84,27,46,43,42,18,5,2,332,203,92,55,6.08,0,,3.17
1993512,2021-10-28-00-00,Saint Petersburg,atp,1. round,indoors,2,1.72,0.32,Adrian Mannarino,France,180,79,33,50,22,12,22,3,4,611,469,215,147,-2.45,1,,3.64,Karen Khachanov,Russia,198,87,25,30,8,33,22,6,4,321,221,96,66,-3.11,3,,1.32
1994846,2021-10-28-04-10,Vienna,atp,round of 16,indoors,2,1.71,0.45,Nikoloz Basilashvili,Georgia,185,79,29,25,16,35,25,3,3,442,352,63,59,20.74,2,,2.99,Matteo Berrettini,Italy,196,95,25,7,7,40,10,2,0,291,137,63,30,4.18,3,,1.45
1994812,2021-10-28-03-30,Saint Petersburg,atp,round of 16,indoors,2,1.52,1.01,Alexander Bublik,Kazakhstan,198,77,24,34,34,32,26,7,4,273,184,80,48,2.6,0,,1.9,Jan-Lennard Struff,Germany,193,92,31,53,29,25,26,2,4,550,389,157,109,-1.01,1,,2.01
1995037,2021-10-28-20-00,Saint Petersburg,atp,round of 16,indoors,2,1.57,0.85,Van De Zandschulp,Netherlands,188,83,26,69,61,52,22,5,3,273,137,91,32,12.88,0,,2.06,Sebastian Korda,USA,193,75,21,38,38,30,17,7,2,156,100,24,13,5.67,0,,1.85
1995056,2021-10-28-20-00,Saint Petersburg,atp,round of 16,indoors,1,1.81,-1.0,John Millman,Australia,183,79,32,57,33,22,24,7,5,443,294,57,33,-1.87,0,,4.25,Aslan Karatsev,Russia,185,,28,19,19,37,18,4,1,399,246,94,68,15.25,0,,1.27
1976599,2021-09-03-02-05,US Open,atp,2. round,hard,2,1.91,0.28,Lorenzo Musetti,Italy,185,75,19,60,58,31,21,9,6,112,69,16,12,-1.37,0,1760,4.14,Reilly Opelka,USA,211,102,24,24,23,17,16,11,9,195,148,91,74,3.35,1,1833,1.28
1976598,2021-09-03-03-30,US Open,atp,2. round,hard,1,1.52,-1.0,Alexander Zverev,Germany,198,90,24,4,3,39,11,21,4,386,207,148,79,7.11,0,2049,1.02,Albert Ramos-Vinolas,Spain,188,76,33,48,17,23,22,3,6,684,510,94,103,-0.95,1,1691,23.48
1976624,2021-09-03-03-40,US Open,atp,2. round,hard,1,0.0,0.0,Aslan Karatsev,Russia,,,27,25,22,28,14,18,6,390,242,138,67,13.22,0,1846,1.44,Jordan Thompson,Australia,183,82,27,59,43,21,19,10,8,360,233,209,132,-2.82,0,1727,3.03
1976600,2021-09-03-05-40,US Open,atp,2. round,hard,1,1.78,-1.0,Lloyd Harris,RSA,193,80,24,46,46,24,17,18,8,305,148,229,83,8.74,0,1800,1.28,Ernesto Escobedo,USA,185,82,25,178,67,22,17,12,6,256,189,197,129,1.28,0,1593,4.14
1976634,2021-09-03-06-15,US Open,atp,2. round,hard,2,0.0,0.0,Zachary Svajda,USA,175,59,18,716,707,15,7,15,6,47,41,36,30,-2.04,0,,12.19,Jannik Sinner,Italy,188,76,20,16,15,31,18,19,8,152,85,46,28,-5.07,0,1914,1.06
1976625,2021-09-03-10-45,US Open,atp,2. round,hard,2,1.35,-1.0,Roberto Carballes Baena,Spain,183,77,28,95,72,30,23,2,3,477,314,34,36,-3.3,1,1636,11.47,Denis Shapovalov,Canada,185,75,22,10,10,23,17,8,8,229,140,94,58,-6.82,0,1852,1.07
1976627,2021-09-03-07-35,US Open,atp,2. round,hard,1,1.71,-1.0,Jack Sock,USA,191,88,28,184,8,17,12,11,6,298,230,151,129,-0.64,0,1678,2.21,Alexander Bublik,Kazakhstan,198,77,24,37,37,29,23,14,11,270,181,117,74,4.45,0,1793,1.75
1976638,2021-09-03-07-40,US Open,atp,2. round,hard,1,1.78,-1.0,Jenson Brooksby,USA,188,82,20,99,97,39,9,23,6,115,55,78,40,15.17,0,1830,1.97,Harry Fritz Taylor,USA,193,86,23,42,24,21,16,15,10,256,178,162,95,0.46,0,1777,1.93
1993499,2021-10-26-21-10,Vienna,atp,1. round,indoors,1,1.31,0.32,Felix Auger Aliassime,Canada,193,88,21,12,11,33,21,0,2,220,133,32,23,2.33,0,,1.32,Ricardas Berankis,Lithuania,175,77,31,99,50,23,22,6,5,551,350,182,96,-5.81,0,,3.66
1994481,2021-10-26-21-55,Saint Petersburg,atp,1. round,indoors,2,1.34,-1.0,Van De Zandschulp,Netherlands,188,83,26,69,61,51,22,4,3,272,137,90,32,12.3,0,,1.61,Yoshihito Nishioka,Japan,170,64,26,82,48,18,24,4,3,363,205,44,25,-0.98,0,,2.44
1994482,2021-10-26-23-15,Saint Petersburg,atp,1. round,indoors,2,1.63,0.71,Egor Gerasimov,Belarus,196,86,28,105,65,22,27,13,6,393,270,149,89,-8.96,0,,2.25,Mackenzie McDonald,USA,178,73,26,56,55,41,23,8,3,246,172,39,27,6.0,0,,1.71
1993517,2021-10-26-21-45,Saint Petersburg,atp,1. round,indoors,2,1.49,-1.0,Federico Delbonis,Argentina,193,90,31,41,33,29,22,0,1,528,356,18,31,-0.28,2,,1.78,Pablo Andujar,Spain,180,80,35,92,32,19,20,0,1,564,467,28,44,4.77,6,,2.14
1993500,2021-10-26-22-50,Vienna,atp,1. round,indoors,1,1.27,0.52,Cameron Norrie,Great Britain,188,82,26,14,14,51,20,4,2,272,155,37,31,21.64,2,,1.52,Marton Fucsovics,Hungary,188,82,29,39,31,26,20,8,3,420,299,115,84,1.59,0,,2.69
1993514,2021-10-26-23-25,Saint Petersburg,atp,1. round,indoors,1,1.4,0.11,John Millman,Australia,183,79,32,57,33,21,24,6,5,442,294,56,33,-1.98,0,,1.11,Yshai Oliel,Israel,188,78,21,373,371,40,21,0,0,178,95,0,3,1.07,0,,7.61
1993493,2021-10-26-22-10,Vienna,atp,1. round,indoors,1,1.57,-1.0,Casper Ruud,Norway,183,77,22,8,8,49,13,1,0,264,157,29,24,9.42,2,,1.8,Lloyd Harris,RSA,193,80,24,31,31,33,21,3,2,314,152,31,21,9.19,0,,2.11
1994483,2021-10-27-01-30,Saint Petersburg,atp,1. round,indoors,1,1.52,-1.0,Harry Fritz Taylor,USA,193,86,23,28,24,26,19,0,0,261,181,31,28,7.09,0,,1.83,Emil Ruusuvuori,Finland,188,79,22,72,66,31,25,5,4,195,99,72,25,-0.92,0,,2.07
1993490,2021-10-27-00-15,Vienna,atp,1. round,indoors,1,1.45,0.47,Stefanos Tsitsipas,Greece,193,89,23,3,3,54,16,5,2,376,180,61,33,-1.0,1,,1.47,Grigor Dimitrov,Bulgaria,191,81,30,22,3,22,16,0,0,516,310,90,57,5.46,2,,2.89
1993501,2021-10-27-02-00,Vienna,atp,1. round,indoors,2,1.64,0.17,Filip Krajinovic,Serbia,185,75,29,40,26,19,19,3,3,462,272,71,53,-4.23,0,,5.63,Alexander Zverev,Germany,198,90,24,4,3,47,13,1,1,394,209,64,36,6.39,2,,1.17
1994221,2021-10-27-00-50,Vienna,atp,1. round,indoors,2,1.65,0.38,Dusan Lajovic,Serbia,183,83,31,33,23,17,25,2,4,509,390,63,64,-0.64,1,,3.26,Frances Tiafoe,USA,188,86,23,49,29,34,24,2,1,265,191,34,33,3.47,2,,1.38
1994222,2021-10-27-04-00,Vienna,atp,1. round,indoors,1,1.5,-1.0,Dennis Novak,Austria,183,80,28,116,85,24,25,11,6,450,243,56,46,-2.86,1,,1.71,Gianluca Mager,Italy,188,77,26,68,66,31,26,4,3,366,255,62,46,4.74,2,,2.25
1995038,2021-10-27-20-00,Saint Petersburg,atp,round of 16,indoors,2,1.64,0.1,Pablo Andujar,Spain,180,80,35,92,32,20,20,1,1,565,467,29,44,5.84,0,,8.45,Denis Shapovalov,Canada,185,75,22,13,10,26,21,0,1,232,144,43,31,-9.82,1,,1.1
1995498,2021-10-29-22-10,Vienna,atp,quarterfinal,indoors,1,1.74,-1.0,Carlos Alcaraz,Spain,185,72,18,42,38,40,17,2,1,108,36,2,1,7.42,0,,2.84,Matteo Berrettini,Italy,196,95,25,7,7,41,10,3,0,292,137,64,30,4.6,0,,1.49
1995642,2021-10-29-20-35,Ismaning challenger,atp,quarterfinal,indoors,1,1.53,-1.0,Maxime Cressy,USA,201,88,24,141,141,25,26,5,5,149,98,48,23,-1.8,1,,1.78,Kacper Zuk,Poland,183,78,22,163,162,42,23,15,7,182,96,35,15,-1.6,0,,2.07
1995499,2021-10-29-21-45,Saint Petersburg,atp,quarterfinal,indoors,1,1.63,-1.0,Jan-Lennard Struff,Germany,193,92,31,53,29,26,26,3,4,551,389,158,109,-0.16,4,,2.84,Denis Shapovalov,Canada,185,75,22,13,10,27,21,1,1,233,144,44,31,-9.73,2,,1.49
1995803,2021-10-30-01-30,UK Pro Series,atp,,indoors,2,0.0,0.0,Liam Hignett,Great Britain,,,21,,,7,10,7,10,7,15,7,13,5.35,0,,,Alexis Canter,Great Britain,,,23,1110,773,12,23,6,11,146,149,44,56,-7.93,0,,
1995714,2021-10-30-01-10,Vienna,atp,quarterfinal,indoors,2,1.63,0.25,Felix Auger Aliassime,Canada,193,88,21,12,11,35,21,2,2,222,133,34,23,3.74,1,,4.42,Alexander Zverev,Germany,198,90,24,4,3,49,13,3,1,396,209,66,36,6.71,5,,1.25
1995697,2021-10-30-01-30,Ismaning challenger,atp,quarterfinal,indoors,2,1.66,0.5,Jonas Forejtek,Czech Republic,180,71,20,310,310,31,29,15,6,102,66,31,16,-11.02,0,,2.63,Quentin Halys,France,191,78,25,148,102,33,25,9,7,290,239,99,82,4.08,1,,1.50
1995688,2021-10-30-00-40,Brest challenger,atp,quarterfinal,indoors,2,1.56,0.68,Federico Gaio,Italy,180,84,29,151,124,38,33,11,6,501,386,61,59,5.97,0,,2.22,Joao Sousa,Portugal,185,74,32,173,28,20,27,4,2,546,456,66,56,-8.58,0,,1.68
1995808,2021-10-30-01-30,UK Pro Series,atp,,indoors,2,0.0,0.0,Jack Gibbens,Great Britain,,,24,1398,1361,25,34,5,14,68,90,10,27,-7.82,0,,,Llewelyn Bevan,Great Britain,,,21,,,0,10,0,10,7,19,2,13,-9.0,0,,
1995807,2021-10-30-01-30,UK Pro Series,atp,,indoors,2,0.0,0.0,Cheraag Bajwa,Great Britain,,,23,,,1,8,0,3,9,46,2,11,-7.0,0,,,Yujiro Onuma,Great Britain,,,17,2117,2117,5,5,1,1,6,9,2,5,5.0,1,,
1995614,2021-10-30-02-15,Saint Petersburg,atp,quarterfinal,indoors,2,1.37,-1.0,Andrey Rublev,Russia,188,70,24,6,5,48,18,7,1,333,188,95,51,1.0,0,,1.27,Van De Zandschulp,Netherlands,188,83,26,69,61,53,22,6,3,274,137,92,32,13.91,1,,4.28
1995748,2021-10-30-03-35,Vienna,atp,quarterfinal,indoors,1,1.48,1.26,Frances Tiafoe,USA,188,86,23,49,29,36,24,4,1,267,191,36,33,6.95,0,,2.26,Diego Schwartzman,Argentina,170,64,29,16,8,37,21,5,2,575,328,27,20,-5.48,2,,1.72
1995778,2021-10-30-04-45,Lima 2 challenger,atp,quarterfinal,clay,1,1.42,0.68,Nicolas Jarry,Chile,198,90,26,202,38,37,19,24,14,295,202,228,124,-1.12,2,1616,1.68,Alejandro Tabilo,Chile,188,75,24,174,156,30,29,18,15,266,176,163,103,-0.42,1,1528,2.21
1995502,2021-10-30-03-10,Lima 2 challenger,atp,quarterfinal,clay,2,1.33,-1.0,Barrios Vera Marcelo,Chile,191,88,23,145,145,41,25,34,18,254,138,184,97,6.61,1,2139,1.50,Vit Kopriva,Czech Republic,178,69,24,200,197,37,26,33,21,266,176,186,120,1.52,0,1538,2.63
1995501,2021-10-30-04-10,Las Vegas challenger,atp,quarterfinal,hard,1,1.3,0.49,Michael Mmoh,USA,188,90,23,224,96,12,13,10,9,209,145,131,87,-6.22,2,1586,1.49,Mikael Torpegaard,Denmark,193,84,27,217,166,11,19,6,11,151,101,45,43,-8.48,1,1425,2.65
1995755,2021-10-30-03-45,Brest challenger,atp,quarterfinal,indoors,2,0.0,0.0,Luca Van Assche,France,,,17,680,680,22,17,14,10,29,22,15,13,11.16,0,,2.41,Alexandre Muller,France,183,75,24,207,189,27,30,4,5,330,203,36,36,-10.8,0,,1.58
1995503,2021-10-30-03-00,Ismaning challenger,atp,quarterfinal,indoors,2,1.54,0.89,Matthias Bachinger,Germany,188,86,34,269,85,24,17,15,6,622,498,223,159,6.64,2,,1.93,Lukas Lacko,Slovakia,188,87,33,212,44,15,20,6,7,593,453,180,134,-0.71,6,,1.89
1992504,2021-10-20-22-40,Antwerp,atp,round of 16,indoors,1,1.22,0.58,Arthur Rinderknech,France,196,86,26,65,65,51,25,23,10,212,121,63,36,9.66,0,,1.58,Dusan Lajovic,Serbia,183,83,31,33,23,17,24,2,3,509,389,63,63,0.36,0,,2.56
1992757,2021-10-21-01-10,Antwerp,atp,round of 16,indoors,1,1.38,0.5,Jenson Brooksby,USA,188,82,20,70,70,45,11,7,1,121,57,16,6,16.13,0,,1.5,Van De Zandschulp,Netherlands,188,83,26,61,61,49,21,2,2,270,136,88,31,12.83,0,,2.8
1992650,2021-10-21-01-45,Moscow,atp,round of 16,indoors,2,1.54,1.01,Tommy Paul,USA,185,82,24,54,50,24,20,3,1,295,178,31,22,-1.26,0,,1.9,Marin Cilic,Croatia,198,89,33,41,3,23,17,3,1,654,350,127,69,-3.02,0,,2.01
1992808,2021-10-21-03-35,Antwerp,atp,round of 16,indoors,1,1.32,0.17,Jannik Sinner,Italy,188,76,20,16,14,38,20,6,2,159,87,51,17,-4.24,1,,1.17,Lorenzo Musetti,Italy,185,75,19,69,57,33,25,7,4,114,73,26,16,-4.02,0,,5.87
1992660,2021-10-21-05-05,Antwerp,atp,round of 16,indoors,1,1.37,0.58,Alejandro Davidovich Fokina,Spain,183,80,22,44,32,28,22,7,7,195,125,20,19,-3.66,0,,1.58,Cristian Garin,Chile,185,85,25,17,17,21,17,0,0,335,214,4,7,-5.76,1,,2.55
1992513,2021-10-21-04-25,Moscow,atp,round of 16,indoors,2,1.59,0.25,James Duckworth,Australia,183,82,29,52,52,33,21,9,6,376,232,32,23,18.02,0,,4.47,Karen Khachanov,Russia,198,87,25,31,8,31,21,4,3,319,220,94,65,-2.61,2,,1.25
1992658,2021-10-21-18-10,Moscow,atp,round of 16,indoors,2,1.44,-1.0,Filip Krajinovic,Serbia,185,75,29,37,26,19,18,3,2,462,271,71,52,-3.23,0,,1.47,Pedro Martinez,Spain,185,76,24,60,59,35,22,3,1,366,196,7,12,4.4,0,,2.9
1992861,2021-10-21-21-00,Antwerp,atp,round of 16,indoors,2,1.71,0.43,Jan-Lennard Struff,Germany,193,92,31,50,29,24,25,1,3,549,388,156,108,-1.01,0,,3.05,Lloyd Harris,RSA,193,80,24,32,31,31,20,1,1,312,151,29,20,9.25,0,,1.43
1992942,2021-10-21-20-00,Moscow,atp,round of 16,indoors,2,1.61,0.23,Federico Coria,Argentina,180,73,29,68,61,35,26,1,0,518,317,3,5,4.07,0,,4.68,Ricardas Berankis,Lithuania,175,77,31,107,50,21,21,4,4,549,349,180,95,-6.21,0,,1.23
1976915,2021-09-04-01-00,US Open,atp,3. round,hard,2,1.27,-1.0,Henri Laaksonen,Switzerland,185,78,29,130,93,30,18,8,4,419,334,96,79,14.85,2,1635,1.71,Peter Gojowczyk,Germany,188,83,32,141,39,30,20,8,3,585,431,185,131,8.76,1,1625,2.27
1976920,2021-09-04-03-30,US Open,atp,3. round,hard,1,1.74,-1.0,Carlos Alcaraz,Spain,185,72,18,55,54,36,15,13,6,104,34,26,8,3.63,0,1765,5.0,Stefanos Tsitsipas,Greece,193,89,23,3,3,50,14,23,6,372,178,155,85,0.17,0,2040,1.21
1976896,2021-09-04-03-00,US Open,atp,3. round,hard,2,1.87,0.01,Pablo Andujar,Spain,180,80,35,74,32,16,15,3,4,561,462,48,96,8.32,0,1642,24.62,Daniil Medvedev,Russia,198,83,25,2,2,42,10,26,4,366,162,148,53,-0.79,0,2099,1.01
1976963,2021-09-04-07-00,US Open,atp,3. round,hard,2,1.69,0.21,Alex Molcan,Slovakia,178,73,23,138,136,50,17,8,2,195,112,49,23,17.63,0,1674,4.92,Diego Schwartzman,Argentina,170,64,29,14,8,25,15,12,7,563,322,81,73,-7.53,0,1858,1.21
1976895,2021-09-04-02-30,US Open,atp,3. round,hard,2,1.63,0.83,Alexei Popyrin,Australia,196,78,22,73,61,26,19,12,9,181,135,95,68,6.64,0,1676,2.08,Daniel Evans,Great Britain,175,75,31,27,25,21,17,9,8,536,322,232,128,8.29,1,1808,1.83
1976916,2021-09-04-04-30,US Open,atp,3. round,hard,1,0.0,0.0,De Van,Netherlands,188,83,25,117,117,43,19,13,3,264,134,24,10,10.1,0,,1.46,Facundo Bagnis,Argentina,183,82,31,80,55,34,19,2,3,572,389,30,43,5.75,0,1607,2.92
1976914,2021-09-04-09-20,US Open,atp,3. round,hard,2,1.99,1.01,Roberto Bautista-Agut,Spain,183,75,33,21,9,27,20,13,8,704,417,276,132,-2.12,1,1847,1.89,Felix Auger Aliassime,Canada,193,88,21,15,15,30,18,16,8,217,130,72,51,3.33,1,1812,2.01
1976913,2021-09-04-11-25,US Open,atp,3. round,hard,2,1.9,2.89,Andrey Rublev,Russia,188,70,23,7,7,43,14,22,7,328,184,122,66,3.64,0,1995,1.3,Frances Tiafoe,USA,188,86,23,50,29,29,21,16,11,260,188,117,90,1.81,0,1789,3.89
1990895,2021-10-17-06-40,Indian Wells,atp,semifinal,hard,2,1.53,0.95,Grigor Dimitrov,Bulgaria,191,81,30,28,3,22,15,18,9,516,309,215,129,6.46,0,1842,1.95,Cameron Norrie,Great Britain,188,82,26,26,26,49,20,23,11,270,155,178,77,20.15,1,1886,1.95
1991126,2021-10-17-08-00,Indian Wells,atp,semifinal,hard,2,1.48,-1.0,Harry Fritz Taylor,USA,193,86,23,39,24,26,18,20,12,261,180,167,97,8.09,2,1763,1.67,Nikoloz Basilashvili,Georgia,185,79,29,36,16,33,24,17,10,440,351,194,152,18.98,1,1755,2.36
