match_id,tour,title,surface,round,winner,prediction_roi,player1_name,player1_country,player1_height,player1_weight,player1_age,player1_current_rank,player1_highest_rank,player1_year_total_win,player1_year_total_lose,player1_year_surface_win,player1_year_surface_lose,player1_career_total_win,player1_career_total_lose,player1_career_surface_win,player1_career_surface_lose,player1_roi,player1_odds,player1_H2H,player1_elo,player2_name,player2_country,player2_height,player2_weight,player2_age,player2_current_rank,player2_highest_rank,player2_year_total_win,player2_year_total_lose,player2_year_surface_win,player2_year_surface_lose,player2_career_total_win,player2_career_total_lose,player2_career_surface_win,player2_career_surface_lose,player2_roi,player2_odds,player2_H2H,player2_elo
1965324,wta,Belgrade WTA,clay,round of 16,1,,Arantxa Rus,Netherlands,180,65,30,85,61,16,16,14,8,570,351,325,158,-2.59,1.87,1,1619,Olga Danilovic,Serbia,,,20,149,96,16,13,10,6,122,71,79,32,-2.06,2.02,0,1602
1965331,wta,Charleston 3,clay,round of 16,2,,Alexa Glatch,USA,183,66,31,301,102,4,6,4,5,319,246,69,65,-1.01,3.12,0,,Emma Navarro,USA,,,20,352,348,8,6,8,6,44,42,32,27,7.87,1.41,1,1365
1965086,wta,Olympics - Tokyo,hard,quarterfinal,1,,Belinda Bencic,Switzerland,175,63,24,12,4,22,14,12,6,327,175,153,85,4.5,2.17,6,1849,Anastasia Pavlyuchenkova,Russia,177,72,30,18,13,20,13,7,7,454,310,235,170,5.01,1.78,2,1878
1965151,wta,Olympics - Tokyo,hard,quarterfinal,1,,Elena Rybakina,Kazakhstan,184,73,22,20,17,22,13,10,7,193,89,70,36,-1.19,2.88,1,1895,Garbine Muguruza,Spain,182,73,27,9,1,30,11,23,6,445,224,223,106,-0.22,1.48,1,2019
1965319,wta,Charleston 3,clay,round of 16,1,,Shuo Liang En,Taipei (CHN),,,20,247,150,14,16,5,7,79,64,9,11,1.64,1.63,1,,Alexandra Kiick,USA,170,62,26,255,126,7,10,7,7,223,155,123,65,-3.78,2.41,0,
1965087,wta,Olympics - Tokyo,hard,quarterfinal,2,,Camila Giorgi,Italy,168,54,29,58,26,17,12,5,4,383,280,149,119,4.66,2.27,1,1808,Elina Svitolina,Ukraine,174,60,26,6,3,25,14,17,7,443,225,245,107,2.1,1.71,2,1956
1964551,wta,Charleston 3,clay,1. round,1,,Kateryna Bondarenko,Ukraine,175,60,34,220,29,12,10,6,7,466,350,133,107,-1.59,1.28,1,1501,Peangthan Pliphuech,Thailand,169,64,28,316,175,3,4,0,2,306,258,18,15,-1.11,4.08,0,
1965318,wta,Charleston 3,clay,round of 16,1,,Lauren Davis,USA,157,55,27,95,26,14,14,5,4,317,224,74,45,-2.41,1.46,1,1665,Rebecca Marino,Canada,183,64,30,273,38,16,11,5,8,240,149,19,23,-2.19,2.9,0,1536
1965088,wta,Olympics - Tokyo,hard,quarterfinal,1,,Marketa Vondrousova,Czech Republic,172,59,22,41,14,19,12,14,5,195,82,61,32,5.32,2.34,1,1804,Paula Badosa,Spain,180,72,23,29,29,29,11,6,4,272,148,95,49,11.03,1.68,1,1824
1965335,wta,Charleston 3,clay,round of 16,1,,Jamie Loeb,USA,168,61,26,228,132,16,15,13,10,224,185,58,51,-2.81,1.9,1,1319,Katrina Scott,USA,,,17,434,408,7,10,1,5,22,19,2,7,-3.13,1.99,0,
1965237,wta,Belgrade WTA,clay,round of 16,2,,Maria Bara Irina,Romania,164,80,26,116,112,24,15,24,10,339,221,299,165,-3.81,1.25,0,,Tara Wurth,Croatia,,,18,673,660,38,11,38,11,53,17,53,17,7.32,4.4,1,
1965317,wta,Charleston 3,clay,round of 16,2,,Tori Kinard,USA,,,33,548,341,4,5,3,3,239,257,38,32,-1.12,10.54,0,,Varvara Lepchenko,USA,180,70,35,154,19,20,11,8,5,620,452,163,112,1.14,1.07,1,1610
1965225,wta,Belgrade WTA,clay,round of 16,2,,Jessika Ponchet,France,,,24,248,169,12,7,3,2,236,173,75,62,-0.68,5.03,0,,Andrea Petkovic,Germany,180,69,33,97,9,12,14,8,7,522,356,221,113,-1.06,1.2,1,1720
1965120,wta,Belgrade WTA,clay,round of 16,1,,Martina Trevisan,Italy,,,27,102,83,8,17,7,7,254,143,209,94,-11.34,1.21,2,1554,Ulrikke Eikeri,Norway,,,28,292,206,11,17,9,11,404,244,245,144,-4.37,4.94,1,1315
1965035,wta,Charleston 3,clay,round of 16,2,,Na-Lae Han,South Korea,165,58,29,266,149,14,21,4,11,344,236,12,22,-15.08,2.49,3,,Hanna Chang,USA,,,23,278,267,26,14,16,7,238,137,66,31,3.07,1.6,2,
1965091,wta,Belgrade WTA,clay,round of 16,2,,Varvara Gracheva,Russia,,,20,89,86,11,19,7,10,160,90,108,44,-9.09,1.97,0,1553,Kristyna Pliskova,Czech Republic,184,73,29,124,35,8,12,4,5,459,370,139,126,-7.81,1.92,1,1627
1965090,wta,Belgrade WTA,clay,round of 16,2,,Susan Bandecchi,Switzerland,,,23,222,201,27,16,10,7,195,127,89,61,2.95,3.24,0,,Anna Blinkova,Russia,179,70,22,83,54,14,17,8,6,197,131,45,33,-8.29,1.39,1,1612
1965119,wta,Belgrade WTA,clay,round of 16,2,,Adina Cristian Jaqueline,Romania,,,23,159,140,17,16,9,9,220,153,109,77,2.63,1.98,0,,Rebecca Sramkova,Slovakia,179,68,24,205,111,23,16,8,6,303,188,185,98,7.15,1.91,2,1508
1965112,wta,Belgrade WTA,clay,round of 16,2,,Jule Niemeier,Germany,,,21,140,140,34,13,25,7,131,69,104,48,5.24,1.63,0,1703,Anna Schmiedlova Karolina,Slovakia,,,26,123,26,25,16,15,9,343,227,178,88,-0.06,2.4,1,
1969504,wta,Montreal,hard,2. round,2,,Harriet Dart,Great Britain,172,58,25,172,121,16,16,7,7,250,180,139,93,-0.66,3.8,1,1558,Vanessa Andreescu Bianca,Canada,170,60,21,8,4,13,7,10,3,155,59,102,28,-0.39,1.31,2,
1968908,wta,Montreal,hard,1. round,1,,Danielle Collins,USA,178,64,27,28,23,28,9,16,5,180,112,107,72,6.9,1.27,1,,Belen Teichmann Jil,Switzerland,170,80,24,65,40,13,13,10,7,227,159,58,55,-0.34,4.14,1,
1969695,wta,Montreal,hard,2. round,2,,Nadia Podoroska,Argentina,170,60,24,38,36,16,14,9,9,314,166,91,57,3.09,2.5,2,1741,Camila Giorgi,Italy,168,54,29,71,26,19,12,7,4,385,280,151,119,6.78,1.6,1,1842
1969492,wta,Montreal,hard,2. round,1,,Viktoria Azarenka,Belarus,180,60,32,15,1,16,5,6,2,562,213,323,110,-1.32,1.39,4,,Sorana-Mihaela Cirstea,Romania,176,59,31,40,21,20,12,7,5,484,360,215,161,10.11,3.29,1,
1969694,wta,Montreal,hard,2. round,1,,Maria Sakkari,Greece,172,62,26,18,18,26,12,16,7,367,243,177,118,5.64,1.46,1,1967,Veronika Kudermetova,Russia,175,63,24,33,28,27,17,11,9,265,177,127,82,0.82,2.96,1,1870
1969619,wta,Montreal,hard,2. round,2,,A. Stephens Sloane,USA,170,61,28,62,3,16,14,3,7,330,231,179,140,3.01,4.63,0,,Aryna Sabalenka,Belarus,182,80,23,3,3,36,12,16,6,270,133,154,60,0.98,1.24,2,2039
1969710,wta,Montreal,hard,2. round,1,,Sara Sorribes Tormo,Spain,176,69,24,48,46,24,13,19,6,341,211,92,76,15.41,1.8,2,1852,Ludmilla Samsonova,Russia,180,67,22,52,52,27,16,11,6,234,138,56,33,7.44,2.13,0,1819
1969705,wta,Montreal,hard,2. round,2,,Donna Vekic,Croatia,179,64,25,56,19,10,10,6,6,297,222,175,113,2.78,2.77,1,1783,Karolina Pliskova,Czech Republic,186,72,29,6,1,24,14,10,7,602,327,279,143,-0.97,1.51,6,1953
1969506,wta,Montreal,hard,2. round,1,,Rebecca Marino,Canada,183,64,30,220,38,18,12,13,4,242,150,166,83,3.66,4.96,1,1575,Paula Badosa,Spain,180,72,23,31,29,30,12,7,5,273,149,96,50,10.55,1.22,0,1872
1969491,wta,Montreal,hard,2. round,1,,Amanda Anisimova,USA,180,59,19,86,21,13,11,7,3,102,61,60,37,-6.39,1.4,1,1774,Oceane Dodin,France,183,59,24,109,46,22,21,5,3,303,186,81,50,-5.61,3.2,0,1619
1969617,wta,Montreal,hard,2. round,2,,Elina Svitolina,Ukraine,174,60,26,5,3,26,15,18,8,444,226,246,108,2.31,1.4,5,1976,Johanna Konta,Great Britain,180,70,30,41,4,10,7,4,4,428,258,211,118,1.12,3.25,1,1813
1969253,wta,Montreal,hard,1. round,2,,Clara Burel,France,,,20,101,98,29,12,5,3,79,49,16,10,3.77,3.72,0,1687,Ons Jabeur,Tunis,167,66,26,22,22,34,13,11,7,351,199,120,95,3.34,1.32,1,1941
1968895,wta,Montreal,hard,1. round,1,,Paula Badosa,Spain,180,72,23,31,29,30,11,7,4,273,148,96,49,11.55,1.53,1,1872,Viktorija Golubic,Switzerland,169,56,28,47,47,43,15,12,5,414,243,110,69,9.25,2.66,0,1801
1968897,wta,Montreal,hard,1. round,1,,Maria Sakkari,Greece,172,62,26,18,18,25,12,15,7,366,243,176,118,5.23,1.22,2,1967,Marie Bouzkova,Czech Republic,180,61,23,74,46,13,15,10,8,260,147,173,75,-8.37,4.75,0,1720
1969252,wta,Montreal,hard,1. round,2,,Karolina Muchova,Czech Republic,180,80,24,23,19,17,7,8,2,249,122,73,34,6.63,1.35,0,1908,Oceane Dodin,France,183,59,24,109,46,22,20,5,2,303,185,81,49,-4.61,3.47,1,1619
1969251,wta,Montreal,hard,1. round,2,,Tereza Martincova,Czech Republic,179,64,26,61,61,31,18,14,5,394,294,102,74,-1.89,2.34,0,1748,Amanda Anisimova,USA,180,59,19,86,21,12,11,6,3,101,61,59,37,-6.78,1.66,2,1774
1968903,wta,Montreal,hard,1. round,2,,Ajla Tomljanovic,Australia,180,67,28,49,39,22,18,6,9,341,259,182,141,1.87,1.43,3,1772,Fiona Ferro,France,170,56,24,84,39,12,13,4,4,240,186,47,39,-1.36,3.05,1,1716
1968902,wta,Montreal,hard,1. round,1,,Katerina Siniakova,Czech Republic,174,69,25,55,31,18,13,4,6,302,208,94,83,2.73,2.29,3,1788,Jelena Ostapenko,Latvia,177,68,24,32,5,20,14,6,7,285,177,76,75,-1.58,1.69,0,1868
1968899,wta,Montreal,hard,1. round,1,,Sorana-Mihaela Cirstea,Romania,176,59,31,40,21,20,11,7,4,484,359,215,160,11.11,1.74,5,,Alison Riske,USA,175,66,31,37,18,3,9,1,4,382,309,195,172,-4.5,2.2,3,1771
1968904,wta,Montreal,hard,1. round,2,,Magda Linette,Poland,171,59,29,44,33,10,12,3,4,410,295,161,122,3.3,1.57,1,1759,Nadia Podoroska,Argentina,170,60,24,38,36,16,13,9,8,314,165,91,56,4.09,2.54,1,1741
1965336,wta,Charleston 3,clay,round of 16,2,,Maddison Inglis,Australia,171,59,23,142,112,9,12,4,4,191,118,17,14,-1.66,1.65,0,1445,Kateryna Bondarenko,Ukraine,175,60,34,220,29,13,10,7,7,467,350,134,107,-0.27,2.37,1,1501
1965357,wta,Olympics - Tokyo,hard,semifinal,1,,Marketa Vondrousova,Czech Republic,172,59,22,41,14,19,12,14,5,195,82,61,32,5.32,2.32,2,1804,Elina Svitolina,Ukraine,174,60,26,6,3,25,14,17,7,443,225,245,107,2.1,1.68,3,1956
1965413,wta,Olympics - Tokyo,hard,semifinal,1,,Belinda Bencic,Switzerland,175,63,24,12,4,22,14,12,6,327,175,153,85,4.5,2.37,1,1849,Elena Rybakina,Kazakhstan,184,73,22,20,17,22,13,10,7,193,89,70,36,-1.19,1.66,0,1895
1965544,wta,Belgrade WTA,clay,quarterfinal,2,,Anna Blinkova,Russia,179,70,22,83,54,14,18,8,7,197,132,45,34,-9.29,2.38,0,1612,Anna Schmiedlova Karolina,Slovakia,,,26,123,26,26,16,16,9,344,227,179,88,0.51,1.65,2,
1965585,wta,Belgrade WTA,clay,quarterfinal,1,,Arantxa Rus,Netherlands,180,65,30,85,61,17,16,15,8,571,351,326,158,-1.95,1.71,2,1619,Martina Trevisan,Italy,,,27,102,83,8,18,7,8,254,144,209,95,-12.34,2.27,2,1554
1965332,wta,Charleston 3,clay,round of 16,2,,Aldila Sutjiadi,Indonesia,,,26,387,344,24,13,8,5,139,81,19,12,3.71,1.89,0,,Maria Mateas,USA,,,22,370,284,18,12,8,4,130,97,64,44,-0.88,2.0,1,
1965432,wta,Belgrade WTA,clay,quarterfinal,2,,Kristyna Pliskova,Czech Republic,184,73,29,124,35,8,13,4,6,459,371,139,127,-8.81,1.8,0,1627,Rebecca Sramkova,Slovakia,179,68,24,205,111,24,16,9,6,304,188,186,98,8.26,2.14,1,1508
1965545,wta,Belgrade WTA,clay,quarterfinal,1,,Andrea Petkovic,Germany,180,69,33,97,9,13,14,9,7,523,356,222,113,-0.8,1.3,1,1720,Tara Wurth,Croatia,,,18,673,660,38,12,38,12,53,18,53,18,6.32,3.89,0,
1969899,wta,Montreal,hard,round of 16,1,,Jessica Pegula,USA,170,70,27,30,25,31,15,21,8,312,196,166,93,7.38,1.74,3,1896,Danielle Collins,USA,178,64,27,28,23,29,10,17,6,181,113,108,73,6.65,2.23,0,
1969918,wta,Montreal,hard,round of 16,2,,Vanessa Andreescu Bianca,Canada,170,60,21,8,4,13,8,10,4,155,60,102,29,-1.39,2.17,0,,Ons Jabeur,Tunis,167,66,26,22,22,36,14,13,8,353,200,122,96,3.68,1.78,1,1941
1969995,wta,Montreal,hard,quarterfinal,1,0.65,Aryna Sabalenka,Belarus,182,80,23,3,3,38,13,18,7,272,134,156,61,0.72,1.65,3,2039,Viktoria Azarenka,Belarus,180,60,32,15,1,17,6,7,3,563,214,324,111,-1.54,2.40,1,1960
1969996,wta,Montreal,hard,quarterfinal,1,-1.0,Karolina Pliskova,Czech Republic,186,72,29,6,1,27,14,13,7,605,327,282,143,1.77,1.41,2,1953,Sara Sorribes Tormo,Spain,176,69,24,48,46,25,14,20,7,342,212,93,77,15.46,3.15,0,1852
1968179,wta,Concord WTA,hard,quarterfinal,2,,Cristina Bucsa,Spain,180,63,23,166,154,24,19,6,5,228,133,67,33,1.46,2.53,0,1504,Madison Brengle,USA,174,60,31,78,35,18,15,7,5,514,383,314,206,1.08,1.59,1,1666
1968397,wta,San Jose WTA,hard,quarterfinal,1,,Elise Mertens,Belgium,179,67,25,17,12,26,12,15,4,359,189,197,84,0.75,1.46,2,1979,Yulia Putintseva,Kazakhstan,163,59,26,35,27,20,16,8,7,334,254,149,132,0.11,2.96,1,1815
1968029,wta,San Jose WTA,hard,round of 16,2,,A. Stephens Sloane,USA,170,61,28,67,3,15,13,2,6,329,230,178,139,3.37,2.64,0,,Danielle Collins,USA,178,64,27,36,23,24,9,12,5,176,112,103,72,4.4,1.55,1,
1968306,wta,Cluj-Napoca WTA,clay,quarterfinal,2,,Kristina Kucova,Slovakia,163,59,31,118,71,26,18,19,11,441,329,267,154,0.56,2.11,1,1597,Mayar Sherif,Egypt,,,25,119,114,20,15,13,7,179,79,106,38,-3.36,1.82,4,1551
1968389,wta,Concord WTA,hard,quarterfinal,1,,Renata Zarazua,Mexico,160,55,23,137,131,17,15,11,7,286,185,117,81,1.52,3.22,1,1491,Su-Wei Hsieh,Taipei (CHN),169,57,35,75,23,8,11,7,4,494,341,339,211,2.27,1.4,0,
1967959,wta,San Jose WTA,hard,round of 16,1,,Elena Rybakina,Kazakhstan,184,73,22,20,17,23,14,11,8,194,90,71,37,-1.92,1.31,2,1895,Claire Liu,USA,,,21,108,106,34,13,12,7,164,102,87,64,7.31,3.87,0,1595
1968332,wta,Cluj-Napoca WTA,clay,quarterfinal,1,,Mihaela Buzarnescu,Romania,175,59,33,170,20,19,13,12,4,475,270,260,128,0.91,1.58,3,1608,Kristyna Pliskova,Czech Republic,184,73,29,123,35,10,15,6,8,461,373,141,129,-9.26,2.54,0,1627
1968195,wta,Cluj-Napoca WTA,clay,quarterfinal,2,,Anna Schmiedlova Karolina,Slovakia,,,26,99,26,30,17,20,10,348,228,183,89,2.24,1.67,2,,Alexandra Krunic,Serbia,163,53,28,268,39,20,10,16,6,341,248,160,96,2.99,2.36,3,
1968393,wta,Concord WTA,hard,quarterfinal,2,,Mariam Bolkvadze,Georgia,,,23,176,152,22,16,20,8,236,146,149,79,0.05,4.73,0,1509,Vera Zvonareva,Russia,172,59,36,86,2,22,11,7,4,557,282,298,145,1.24,1.23,2,1808
1968221,wta,San Jose WTA,hard,quarterfinal,1,,Darya Kasatkina,Russia,170,62,24,31,10,29,12,12,4,256,140,97,70,6.55,1.75,1,1901,Magda Linette,Poland,171,59,29,45,33,10,11,3,3,410,294,161,121,4.3,2.22,1,1752
1967386,wta,Cluj-Napoca WTA,clay,round of 16,1,,Anna Schmiedlova Karolina,Slovakia,,,26,99,26,30,16,20,9,348,227,183,88,3.24,1.8,2,,Kaja Juvan,Slovenia,170,58,20,114,91,15,12,2,6,152,69,98,33,-1.13,2.13,0,1653
1967789,wta,Concord WTA,hard,round of 16,1,,Su-Wei Hsieh,Taipei (CHN),169,57,35,75,23,8,10,7,3,494,340,339,210,3.27,1.88,1,,Beatriz Haddad Maia,Brazil,185,78,25,185,58,41,13,18,5,325,165,137,58,-4.03,2.01,0,
1967675,wta,Concord WTA,hard,round of 16,2,,Maitane Arconada Usue,USA,152,58,22,204,130,11,17,9,8,192,153,118,84,-10.09,2.98,0,,Cristina Bucsa,Spain,180,63,23,166,154,24,18,6,4,228,132,67,32,2.46,1.44,1,1504
1967302,wta,Concord WTA,hard,round of 16,1,,Madison Brengle,USA,174,60,31,78,35,17,15,6,5,513,383,313,206,0.55,1.49,1,1666,Lulu Sun,Switzerland,,,20,368,368,18,7,15,5,123,67,97,43,3.17,2.81,0,
1967364,wta,San Jose WTA,hard,round of 16,1,,Darya Kasatkina,Russia,170,62,24,31,10,28,12,11,4,255,140,96,70,5.85,1.51,1,1901,Caroline Garcia,France,177,61,27,68,4,17,18,7,8,370,290,164,138,-7.96,2.76,1,1761
1967681,wta,Concord WTA,hard,round of 16,1,,Mariam Bolkvadze,Georgia,,,23,176,152,22,15,20,7,236,145,149,78,1.05,3.9,1,1509,Greetje Minnen,Belgium,175,68,23,111,103,25,16,10,7,242,125,122,56,-4.01,1.29,0,1675
1967547,wta,Cluj-Napoca WTA,clay,round of 16,1,,Alexandra Krunic,Serbia,163,53,28,268,39,19,10,15,6,340,248,159,96,1.7,2.57,3,,Ana Bogdan,Romania,171,59,28,102,59,11,12,7,6,350,220,150,90,-0.5,1.57,1,1688
1967679,wta,Cluj-Napoca WTA,clay,round of 16,1,,Andrea Petkovic,Germany,180,69,33,91,9,15,15,11,8,525,357,224,114,-0.78,1.6,1,1720,Adina Cristian Jaqueline,Romania,,,23,149,140,18,17,10,10,221,154,110,78,2.08,2.5,0,
1967674,wta,Cluj-Napoca WTA,clay,round of 16,2,,Lesya Tsurenko,Ukraine,174,67,32,191,23,13,10,2,2,427,288,148,94,-4.18,1.4,0,,Seone Mendez,Australia,,,22,269,264,25,12,22,9,209,122,173,79,2.75,3.22,1,1357
1966369,wta,San Jose WTA,hard,1. round,1,,A. Stephens Sloane,USA,170,61,28,67,3,15,12,2,5,329,229,178,138,4.37,1.53,2,,Caty McNally,USA,167,51,19,134,105,14,14,5,6,89,64,45,36,-2.02,2.66,0,
1965937,wta,San Jose WTA,hard,1. round,1,,Ajla Tomljanovic,Australia,180,67,28,50,39,22,16,6,7,341,257,182,139,3.87,2.03,2,1775,Amanda Anisimova,USA,180,59,19,84,21,9,11,3,3,98,61,56,37,-7.76,1.86,1,1793
1965972,wta,San Jose WTA,hard,1. round,2,,Shelby Rogers,USA,175,70,28,43,40,19,16,10,6,273,218,148,108,-3.08,2.17,0,1812,Danielle Collins,USA,178,64,27,36,23,23,9,11,5,175,112,102,72,3.9,1.76,1,
1967300,wta,San Jose WTA,hard,round of 16,1,,Magda Linette,Poland,171,59,29,45,33,10,10,3,2,410,293,161,120,5.3,1.88,3,1752,Petra Martic,Croatia,181,63,30,33,14,13,15,5,7,386,269,139,114,-5.1,2.03,0,1785
1967787,wta,San Jose WTA,hard,round of 16,2,,Kristina Mladenovic,France,184,60,28,60,10,16,21,4,8,384,334,138,163,-3.24,5.96,3,1736,Elise Mertens,Belgium,179,67,25,17,12,25,12,14,4,358,189,196,84,0.33,1.17,3,1979
1967956,wta,Concord WTA,hard,round of 16,1,,Renata Zarazua,Mexico,160,55,23,137,131,16,15,10,7,285,185,116,81,-0.62,1.76,3,1491,Grace Min,USA,163,64,27,167,97,17,13,8,4,342,248,168,142,1.51,2.17,1,1496
1967948,wta,Concord WTA,hard,round of 16,1,,Vera Zvonareva,Russia,172,59,36,86,2,21,11,6,4,556,282,297,145,1.04,1.47,2,1808,Varvara Lepchenko,USA,180,70,35,126,19,24,12,11,5,624,453,392,262,1.89,2.89,0,1609
1967385,wta,Cluj-Napoca WTA,clay,round of 16,2,,Lara Arruabarrena-Vecino,Spain,166,58,29,198,52,16,14,15,10,413,308,279,154,-5.12,3.45,1,,Mihaela Buzarnescu,Romania,175,59,33,170,20,18,13,11,4,474,270,259,128,0.34,1.36,4,1608
1967554,wta,Cluj-Napoca WTA,clay,round of 16,1,,Mayar Sherif,Egypt,,,25,119,114,19,15,12,7,178,79,105,38,-4.12,1.24,1,1551,Alexandra Eala,Philippines,,,16,639,624,16,10,4,3,21,14,8,6,2.04,4.52,0,
1967788,wta,Concord WTA,hard,round of 16,2,,Storm Sanders,Australia,166,59,26,139,134,23,12,8,5,183,155,120,105,12.65,1.71,0,1636,Magdalena Frech,Poland,,,23,153,115,19,13,2,1,313,195,93,58,-2.95,2.25,1,1590
1967680,wta,Concord WTA,hard,round of 16,1,,Katrina Scott,USA,,,17,372,372,9,10,8,5,24,19,22,12,-0.16,1.81,1,,Caroline Dolehide,USA,178,75,22,171,102,6,15,4,7,187,130,107,71,-9.86,2.09,0,1474
1967540,wta,Cluj-Napoca WTA,clay,round of 16,1,,Kristyna Pliskova,Czech Republic,184,73,29,123,35,10,14,6,7,461,372,141,128,-8.26,1.52,3,1627,Katarzyna Kawa,Poland,,,28,182,112,5,14,3,7,356,259,247,167,-5.37,2.73,0,1480
1967525,wta,Cluj-Napoca WTA,clay,round of 16,1,,Kristina Kucova,Slovakia,163,59,31,118,71,26,17,19,10,441,328,267,153,1.56,1.81,2,1597,Maria Bara Irina,Romania,164,80,26,120,112,26,16,26,11,341,222,301,166,-4.18,2.12,0,
1967306,wta,San Jose WTA,hard,round of 16,1,,Ana Konjuh,Croatia,174,65,23,116,20,33,16,11,4,203,122,66,47,6.86,1.43,2,1758,Alison Riske,USA,175,66,31,37,18,3,8,1,3,382,308,195,171,-3.5,3.06,1,1789
1967310,wta,San Jose WTA,hard,round of 16,2,,Madison Keys,USA,178,66,26,26,7,10,10,2,4,307,168,183,102,-1.47,1.53,2,1902,Shuai Zhang,China,177,66,32,51,23,12,14,2,2,517,357,373,224,-2.62,2.71,5,1762
1967961,wta,San Jose WTA,hard,round of 16,2,,Ajla Tomljanovic,Australia,180,67,28,50,39,22,17,6,8,341,258,182,140,2.87,2.15,1,1775,Yulia Putintseva,Kazakhstan,163,59,26,35,27,20,15,8,6,334,253,149,131,1.11,1.79,3,1815
1966822,wta,San Jose WTA,hard,1. round,1,,Ana Konjuh,Croatia,174,65,23,116,20,32,16,10,4,202,122,65,47,6.42,1.7,1,1758,Marie Bouzkova,Czech Republic,180,61,23,52,46,13,14,10,7,260,146,173,74,-7.37,2.26,0,1734
1966807,wta,Concord WTA,hard,1. round,1,,Maitane Arconada Usue,USA,152,58,22,204,130,10,16,8,7,191,152,117,83,-10.31,2.23,2,,Jamie Loeb,USA,168,61,26,192,132,18,16,3,3,226,186,141,109,-1.48,1.7,2,1383
1966345,wta,Cluj-Napoca WTA,clay,1. round,1,,Reka-Luca Jani,Hungary,161,58,30,194,147,27,20,20,12,531,298,442,218,2.21,2.74,2,,Adina Cristian Jaqueline,Romania,,,23,149,140,17,16,9,9,220,153,109,77,2.63,1.5,2,
1966341,wta,Cluj-Napoca WTA,clay,1. round,1,,Mihaela Buzarnescu,Romania,175,59,33,170,20,16,13,9,4,472,270,257,128,-0.6,1.6,3,1608,Viktoriya Tomova,Bulgaria,170,58,26,117,104,17,23,10,11,400,264,229,147,-12.42,2.45,0,1510
1966344,wta,Cluj-Napoca WTA,clay,1. round,2,,Gabriela Ruse Elena,Romania,,,23,107,107,22,11,20,8,220,121,143,73,1.56,1.31,0,,Lesya Tsurenko,Ukraine,174,67,32,191,23,13,9,2,1,427,287,148,93,-3.18,3.8,1,
1966451,wta,San Jose WTA,hard,Qualification - quarterfinal,1,,Ana Konjuh,Croatia,174,65,23,116,20,32,16,10,4,202,122,65,47,6.42,1.25,1,1758,Robin Montgomery,USA,,,17,364,349,7,7,7,6,24,16,20,11,-3.86,4.08,0,
1966343,wta,Cluj-Napoca WTA,clay,1. round,1,,Viktoria Kuzmova,Slovakia,180,61,23,156,43,9,12,4,5,272,148,87,51,-3.17,3.76,1,1559,Anna Schmiedlova Karolina,Slovakia,,,26,99,26,28,16,18,9,346,227,181,88,2.2,1.3,3,
1966405,wta,Liberec challenger,clay,1. round,1,,Gerald Melzer,Austria,188,80,31,1150,68,12,5,12,5,437,288,386,224,-1.61,2.72,1,,Andrej Martin,Slovakia,183,83,31,117,93,25,26,24,22,587,417,441,272,-7.95,1.46,2,1568
1966738,wta,Concord WTA,hard,Qualification - quarterfinal,1,,Robin Anderson,USA,,,28,218,159,14,11,13,6,201,137,129,75,0.34,1.21,1,1435,Victoria Hu,USA,,,19,1028,1028,14,8,7,5,34,34,8,11,-1.68,4.57,0,
1966809,wta,Concord WTA,hard,Qualification - quarterfinal,2,,Samantha Murray,Great Britain,178,68,33,247,165,1,8,1,2,278,214,147,102,-7.96,3.46,0,,Victoria Duval,USA,178,70,25,432,87,11,6,4,1,149,105,86,62,1.18,1.32,1,
1965938,wta,San Jose WTA,hard,1. round,1,,Donna Vekic,Croatia,179,64,25,53,19,9,8,5,4,296,220,174,111,4.03,1.7,4,1771,Yulia Putintseva,Kazakhstan,163,59,26,35,27,18,15,6,6,332,253,147,131,-1.06,2.24,1,1815
1966739,wta,Concord WTA,hard,Qualification - quarterfinal,2,,Sophie Chang,USA,,,24,415,274,26,12,9,5,207,185,79,86,2.55,3.71,0,,Mariam Bolkvadze,Georgia,,,23,176,152,20,15,18,7,234,145,147,78,-2.18,1.28,1,1509
1966810,wta,Concord WTA,hard,Qualification - quarterfinal,2,,Alexa Glatch,USA,183,66,31,296,102,5,7,1,2,320,247,190,144,-0.4,2.34,0,,Shuo Liang En,Taipei (CHN),,,20,235,150,16,17,11,8,81,65,64,44,1.32,1.61,1,
1966537,wta,Cluj-Napoca WTA,clay,Qualification - round of 16,2,,Gabriela Talaba,Romania,,,25,213,205,10,14,6,9,215,151,162,106,-5.71,2.9,0,1361,Alexandra Dulgheru,Romania,172,61,32,381,26,15,11,15,10,402,263,255,122,1.32,1.42,1,1611
1966590,wta,Cluj-Napoca WTA,clay,Qualification - round of 16,2,,Lucrezia Stefanini,Italy,,,23,253,252,31,15,9,5,210,157,135,115,1.59,2.21,0,1371,Paula Ormaechea,Argentina,170,57,28,209,59,26,13,26,13,390,243,313,160,2.89,1.68,1,1560
1966538,wta,Cluj-Napoca WTA,clay,Qualification - round of 16,1,,Panna Udvardy,Hungary,,,22,173,173,44,17,36,11,216,150,168,110,1.51,1.12,1,1490,Sofia Sanchez Ana,Mexico,,,27,260,248,24,19,5,9,354,270,166,137,-0.08,6.54,0,
1966801,wta,Concord WTA,hard,1. round,1,,Cristina Bucsa,Spain,180,63,23,166,154,23,18,5,4,227,132,66,32,2.0,2.27,1,1504,Christina McHale,USA,170,62,29,101,24,6,18,1,7,381,329,240,200,-8.76,1.7,0,
1966821,wta,San Jose WTA,hard,1. round,1,,Magda Linette,Poland,171,59,29,45,33,9,10,2,2,409,293,160,120,4.44,1.33,1,1752,Lesley Pattinama Kerkhove,Netherlands,172,55,29,157,149,22,20,12,9,456,318,154,80,-0.98,3.6,1,
1965939,wta,San Jose WTA,hard,1. round,1,,Petra Martic,Croatia,181,63,30,33,14,13,14,5,6,386,268,139,113,-4.1,2.52,3,1785,Anastasija Sevastova,Latvia,169,65,31,63,11,18,16,7,9,488,276,161,115,3.32,1.58,1,1808
1966803,wta,Concord WTA,hard,1. round,2,,Maddison Inglis,Australia,171,59,23,146,112,9,13,4,6,191,119,163,96,-2.66,3.2,0,1501,Madison Brengle,USA,174,60,31,78,35,16,15,5,5,512,383,312,206,0.12,1.4,1,1666
1966806,wta,Concord WTA,hard,1. round,2,,Lizette Cabrera,Australia,168,55,23,160,119,4,12,2,7,192,174,140,116,-8.96,3.98,0,1446,Beatriz Haddad Maia,Brazil,185,78,25,185,58,41,12,18,4,325,164,137,57,-3.03,1.29,3,
1966802,wta,Concord WTA,hard,1. round,2,,Kurumi Nara,Japan,155,52,29,177,32,15,15,4,5,364,303,233,189,-5.04,2.06,0,1546,Lulu Sun,Switzerland,,,20,368,368,18,6,15,4,123,66,97,42,4.17,1.84,1,
1966539,wta,Cluj-Napoca WTA,clay,Qualification - round of 16,2,,Bianca Bulgaru Miriam,Romania,,,22,390,343,19,14,13,10,183,117,161,93,3.45,4.89,0,,Alexandra Krunic,Serbia,163,53,28,268,39,17,10,13,6,338,248,157,96,-0.14,1.19,1,
1966804,wta,Concord WTA,hard,1. round,2,,Sophia Whittle,USA,,,23,467,399,3,5,3,5,53,34,34,25,-2.47,4.22,0,,Grace Min,USA,163,64,27,167,97,17,12,8,3,342,247,168,141,2.51,1.26,2,1496
1966800,wta,Concord WTA,hard,1. round,1,,Greetje Minnen,Belgium,175,68,23,111,103,25,15,10,6,242,124,122,55,-3.01,1.19,1,1675,Leonie Kung,Switzerland,173,57,20,163,144,12,22,5,7,173,132,90,45,-13.41,5.23,0,1380
1966342,wta,Cluj-Napoca WTA,clay,1. round,2,,Marina Melnikova,Russia,173,64,32,188,170,14,20,11,11,436,402,273,227,-10.67,4.6,0,1376,Kaja Juvan,Slovenia,170,58,20,114,91,15,11,2,5,152,68,98,32,-0.13,1.23,1,1653
1966459,wta,Concord WTA,hard,Qualification - round of 16,1,,Mariam Bolkvadze,Georgia,,,23,173,152,19,15,17,7,233,145,146,78,-2.46,1.11,1,1509,Peangthan Pliphuech,Thailand,169,64,28,316,175,3,5,3,3,306,259,261,201,-2.11,6.56,0,
1966458,wta,Concord WTA,hard,Qualification - round of 16,1,,Robin Anderson,USA,,,28,203,159,13,11,12,6,200,137,128,75,0.19,1.52,1,1435,Catherine Harrison,USA,,,27,317,256,14,16,12,9,140,103,102,69,-2.91,2.53,1,
1965952,wta,San Jose WTA,hard,Qualification - round of 16,1,,Robin Montgomery,USA,,,17,371,349,7,7,7,6,24,16,20,11,-3.86,1.61,1,,Arina Rodionova,Australia,168,60,31,153,116,13,15,0,6,471,405,287,225,8.2,2.35,0,1491
1966019,wta,Cluj Napoca WTA,clay,Qualification - 1. round,1,,Irina Fetecau,Romania,,,25,251,237,22,15,13,9,251,160,225,140,4.92,1.25,2,1254,Katerina Stewart,USA,,,24,302,158,2,13,2,10,228,134,168,86,-9.15,4.09,0,
1965951,wta,San Jose WTA,hard,Qualification - round of 16,2,,Eri Hozumi,Japan,168,62,27,338,144,18,13,16,9,279,240,180,164,1.84,7.57,0,,Ana Konjuh,Croatia,174,65,23,115,20,31,16,9,4,201,122,64,47,5.73,1.09,1,1758
1966457,wta,Concord WTA,hard,Qualification - round of 16,1,,Sophie Chang,USA,,,24,394,274,26,11,9,4,207,184,79,85,3.55,3.27,1,,Mona Barthel,Germany,185,69,31,210,23,8,17,3,7,416,301,134,109,-9.12,1.34,0,1570
1966450,wta,San Jose WTA,hard,Qualification - quarterfinal,2,,Ellen Perez,Australia,169,64,25,199,162,13,13,7,6,168,136,102,88,4.64,1.45,0,1478,Emina Bektas,USA,,,28,351,234,16,12,13,9,144,112,113,75,5.57,2.78,1,
1966460,wta,Concord WTA,hard,Qualification - round of 16,1,,Victoria Hu,USA,,,19,1046,1043,14,7,7,4,34,33,8,10,-0.68,2.67,1,,Whitney Osuigwe,USA,,,19,237,105,4,17,3,5,88,78,39,43,-12.96,1.47,0,1352
1966462,wta,Concord WTA,hard,Qualification - round of 16,2,,Brittany Collens,USA,,,26,1327,1145,0,2,0,2,23,56,12,37,-1.0,11.51,0,,Samantha Murray,Great Britain,178,68,33,244,165,1,7,1,1,278,213,147,101,-6.96,1.04,1,
1966449,wta,San Jose WTA,hard,Qualification - quarterfinal,2,,Ashlyn Krueger,USA,,,17,734,724,11,9,6,7,25,22,19,15,2.86,2.06,0,,Na-Lae Han,South Korea,165,58,29,266,149,16,21,12,9,346,236,314,193,-12.8,1.78,1,
1966359,wta,San Jose WTA,hard,Qualification - quarterfinal,1,,Lesley Pattinama Kerkhove,Netherlands,172,55,29,157,149,22,19,12,8,456,317,154,79,0.02,2.67,1,,Anastasia Potapova,Russia,175,57,20,86,64,13,15,8,8,117,80,55,41,-4.35,1.49,0,1728
1966464,wta,Concord WTA,hard,Qualification - round of 16,1,,Shuo Liang En,Taipei (CHN),,,20,247,150,15,17,10,8,80,65,63,44,0.74,1.1,1,,Chieh-Yu Hsu,Taipei (CHN),,,29,545,224,1,3,1,3,369,345,260,223,-2.0,6.86,0,
1966010,wta,Cluj Napoca WTA,clay,Qualification - 1. round,1,,Alexandra Krunic,Serbia,163,53,28,246,39,16,10,12,6,337,248,156,96,-0.31,1.68,2,,Anna Bondar,Hungary,,,24,231,177,34,19,25,12,275,136,211,96,-0.47,2.22,0,1500
1966463,wta,Concord WTA,hard,Qualification - round of 16,1,,Alexa Glatch,USA,183,66,31,301,102,5,6,1,1,320,246,190,143,0.6,2.67,2,,Kateryna Bondarenko,Ukraine,175,60,34,220,29,14,12,5,3,468,352,252,180,-1.01,1.47,1,1567
1966016,wta,Cluj Napoca WTA,clay,Qualification - 1. round,2,,Dalina Amariei Ilinca,Romania,,,19,1001,989,10,10,10,10,31,24,31,24,-4.49,14.05,0,,Gabriela Talaba,Romania,,,25,211,205,10,13,6,8,215,150,162,105,-4.71,1.02,1,1361
1966008,wta,Cluj Napoca WTA,clay,Qualification - 1. round,1,,Panna Udvardy,Hungary,,,22,181,181,43,17,35,11,215,150,167,110,1.41,1.23,1,1490,Martina Di Giuseppe,Italy,,,30,296,149,9,21,9,14,377,303,313,234,-8.88,4.3,0,1375
1966009,wta,Cluj Napoca WTA,clay,Qualification - 1. round,1,,Sofia Sanchez Ana,Mexico,,,27,263,248,24,18,5,8,354,269,166,136,0.92,2.3,1,,Ulrikke Eikeri,Norway,,,28,292,206,11,18,9,12,404,245,245,145,-5.37,1.63,1,1315
1966011,wta,Cluj Napoca WTA,clay,Qualification - 1. round,1,,Bianca Bulgaru Miriam,Romania,,,22,380,343,19,13,13,9,183,116,161,92,4.45,2.32,1,,Daniela Seguel,Chile,,,28,224,162,8,15,7,11,362,243,310,187,-5.52,1.62,0,1380
1966014,wta,Cluj Napoca WTA,clay,Qualification - 1. round,1,,Jana Fett,Croatia,168,65,24,202,97,16,16,7,8,252,168,83,56,-5.39,1.2,2,1447,Tena Lukas,Croatia,,,26,274,241,2,18,2,13,335,239,293,184,-12.04,4.69,1,
1966017,wta,Cluj Napoca WTA,clay,Qualification - 1. round,1,,Alexandra Dulgheru,Romania,172,61,32,376,26,14,11,14,10,401,263,254,122,0.89,1.41,1,1611,Marie Benoit,Belgium,,,26,242,228,13,20,5,13,347,236,244,168,-11.94,2.94,0,1375
1966013,wta,Cluj Napoca WTA,clay,Qualification - 1. round,1,,Lucrezia Stefanini,Italy,,,23,252,252,31,14,9,4,210,156,135,114,2.59,2.11,1,1371,Alexandra Cadantu,Romania,170,56,31,265,59,11,6,11,6,461,334,382,227,6.46,1.74,0,1486
1966018,wta,Cluj Napoca WTA,clay,Qualification - 1. round,1,,Seone Mendez,Australia,,,22,272,264,22,12,19,9,206,122,170,79,-1.07,1.7,1,1357,Isabella Shinikova,Bulgaria,184,56,29,221,133,9,16,3,9,517,326,305,193,-2.97,2.17,1,1386
1966012,wta,Cluj Napoca WTA,clay,Qualification - 1. round,1,,Paula Ormaechea,Argentina,170,57,28,213,59,25,13,25,13,389,243,312,160,2.27,1.93,1,1560,Valentini Grammatikopoulou,Greece,164,58,24,267,158,24,20,14,11,340,221,152,103,-3.31,1.88,0,1431
1965946,wta,San Jose WTA,hard,Qualification - round of 16,2,,Carol Zhao,Canada,,,26,298,131,19,12,11,7,178,151,110,95,8.51,2.49,0,,Lesley Pattinama Kerkhove,Netherlands,172,55,29,157,149,21,19,11,8,455,317,153,79,-1.63,1.55,2,
1965851,wta,Charleston 3,clay,semifinal,2,,Kateryna Bondarenko,Ukraine,175,60,34,220,29,14,11,8,8,468,351,135,108,-0.01,1.74,1,1501,Jamie Loeb,USA,168,61,26,228,132,18,15,15,10,226,185,60,51,-0.48,2.23,1,1319
1965945,wta,San Jose WTA,hard,Qualification - round of 16,2,,Danielle Lao,USA,160,80,30,233,152,8,9,5,2,177,150,140,112,0.04,2.90,0,,Anastasia Potapova,Russia,175,57,20,86,64,13,14,8,7,117,79,55,40,-3.35,1.42,1,1728
1966358,wta,San Jose WTA,hard,Qualification - round of 16,1,,Emina Bektas,USA,,,28,351,234,15,12,12,9,143,112,112,75,3.89,3.52,1,,Katie Volynets,USA,,,19,188,183,28,17,12,6,90,57,50,31,2.83,1.30,1,1491
1965948,wta,San Jose WTA,hard,Qualification - round of 16,2,,Valeria Savinykh,Russia,,,30,182,99,23,17,21,10,399,286,198,127,4.37,1.30,0,1398,Ashlyn Krueger,USA,,,17,734,724,11,8,6,6,25,21,19,14,3.86,3.60,1,
1965947,wta,San Jose WTA,hard,Qualification - round of 16,1,,Na-Lae Han,South Korea,165,58,29,266,149,15,21,11,9,345,236,313,193,-13.55,2.53,2,,Kristie Ahn,USA,,,29,111,87,5,13,1,3,241,179,179,120,-5.35,1.52,0,1535
1965950,wta,San Jose WTA,hard,Qualification - round of 16,2,,Mayo Hibi,Japan,165,55,25,193,157,12,12,7,6,294,192,244,133,-0.48,1.72,2,1446,Ellen Perez,Australia,169,64,25,199,162,13,12,7,5,168,135,102,87,5.64,2.15,1,1478
1965871,wta,Charleston 3,clay,semifinal,1,,Varvara Lepchenko,USA,180,70,35,154,19,22,11,10,5,622,452,165,112,2.38,2.01,4,1610,Lauren Davis,USA,157,55,27,95,26,15,15,6,5,318,225,75,46,-3.23,1.90,4,1665
1965702,wta,Olympics - Tokyo,hard,final,2,,Marketa Vondrousova,Czech Republic,172,59,22,41,14,19,13,14,6,195,83,61,33,4.32,1.80,1,1804,Belinda Bencic,Switzerland,175,63,24,12,4,23,14,13,6,328,175,154,85,5.6,2.13,2,1849
1965701,wta,Olympics - Tokyo,hard,,1,,Elina Svitolina,Ukraine,174,60,26,6,3,26,14,18,7,444,225,246,107,3.31,2.29,2,1956,Elena Rybakina,Kazakhstan,184,73,22,20,17,22,14,10,8,193,90,70,37,-2.19,1.70,1,1895
1965606,wta,Charleston 3,clay,quarterfinal,2,,Shuo Liang En,Taipei (CHN),,,20,247,150,14,17,5,8,79,65,9,12,0.64,1.7,0,,Jamie Loeb,USA,168,61,26,228,132,17,15,14,10,225,185,59,51,-1.61,2.3,1,1319
1965726,wta,Charleston 3,clay,quarterfinal,2,,Maria Mateas,USA,,,22,370,284,18,13,8,5,130,98,64,45,-1.88,5.24,0,,Lauren Davis,USA,157,55,27,95,26,15,14,6,4,318,224,75,45,-2.23,1.2,1,1665
1965756,wta,Belgrade WTA,clay,semifinal,1,,Anna Schmiedlova Karolina,Slovakia,,,26,123,26,27,16,17,9,345,227,180,88,0.95,1.46,2,,Rebecca Sramkova,Slovakia,179,68,24,205,111,24,17,9,7,304,189,186,99,7.26,2.96,1,1508
1965605,wta,Charleston 3,clay,quarterfinal,1,,Varvara Lepchenko,USA,180,70,35,154,19,21,11,9,5,621,452,164,112,1.44,1.33,1,1610,Hanna Chang,USA,,,23,278,267,26,15,16,8,238,138,66,32,2.07,3.63,0,
1965725,wta,Charleston 3,clay,quarterfinal,2,,Emma Navarro,USA,,,20,352,348,8,7,8,7,44,43,32,28,6.87,1.65,0,1365,Kateryna Bondarenko,Ukraine,175,60,34,220,29,14,10,8,7,468,350,135,107,0.99,2.38,1,1501
1965770,wta,Belgrade WTA,clay,semifinal,1,,Arantxa Rus,Netherlands,180,65,30,85,61,18,16,16,8,572,351,327,158,-1.16,1.84,1,1619,Andrea Petkovic,Germany,180,69,33,97,9,13,15,9,8,523,357,222,114,-1.8,2.08,0,1720
1969890,wta,Montreal,hard,round of 16,2,,Petra Kvitova,Czech Republic,183,70,31,12,2,21,13,10,7,599,259,256,129,-5.28,1.85,1,1966,Camila Giorgi,Italy,168,54,29,71,26,20,12,8,4,386,280,152,119,7.82,2.07,2,1842
1969611,wta,Montreal,hard,2. round,1,,Cori Gauff,USA,176,59,17,24,23,33,12,13,6,83,39,33,19,10.35,1.31,2,1945,Anastasia Potapova,Russia,175,57,20,100,64,16,16,11,9,120,81,58,42,-2.88,3.87,0,1710
1969721,wta,Montreal,hard,2. round,2,,Simona Halep,Romania,168,60,29,13,1,12,6,8,3,540,225,235,105,-2.14,2.14,1,2082,Danielle Collins,USA,178,64,27,28,23,29,10,17,6,181,113,108,73,6.65,1.79,1,
1969696,wta,Montreal,hard,2. round,1,,Jessica Pegula,USA,170,70,27,30,25,30,14,20,7,311,195,165,92,7.16,2.05,1,1896,Anastasia Pavlyuchenkova,Russia,177,72,30,17,13,21,14,8,8,455,311,236,171,4.43,1.86,0,1884
1969718,wta,Montreal,hard,2. round,1,,Ons Jabeur,Tunis,167,66,26,22,22,36,13,13,7,353,199,122,95,4.68,1.61,2,1941,Darya Kasatkina,Russia,170,62,24,27,10,31,14,14,6,258,142,99,72,6.55,2.47,2,1917
1969867,wta,Montreal,hard,round of 16,2,,Rebecca Marino,Canada,183,64,30,220,38,18,13,13,5,242,151,166,84,2.66,6.93,0,1575,Aryna Sabalenka,Belarus,182,80,23,3,3,37,12,17,6,271,133,155,60,1.11,1.14,1,2039
1969834,wta,Montreal,hard,round of 16,1,,Sara Sorribes Tormo,Spain,176,69,24,48,46,25,13,20,6,342,211,93,76,16.46,2.09,2,1852,Katerina Siniakova,Czech Republic,174,69,25,55,31,19,14,5,7,303,209,95,84,4.34,1.83,1,1788
1969835,wta,Montreal,hard,round of 16,2,,Maria Sakkari,Greece,172,62,26,18,18,26,13,16,8,367,244,177,119,4.64,2.15,0,1967,Viktoria Azarenka,Belarus,180,60,32,15,1,17,5,7,2,563,213,324,110,-0.54,1.79,2,
1969894,wta,Montreal,hard,round of 16,2,,Johanna Konta,Great Britain,180,70,30,41,4,10,7,4,4,428,258,211,118,0.12,3.07,0,1813,Cori Gauff,USA,176,59,17,24,23,33,12,13,6,83,39,33,19,10.35,1.43,1,1945
1969877,wta,Montreal,hard,round of 16,1,,Karolina Pliskova,Czech Republic,186,72,29,6,1,25,14,11,7,603,327,280,143,-0.38,1.6,3,1953,Amanda Anisimova,USA,180,59,19,86,21,13,12,7,4,102,62,60,38,-7.39,2.51,0,1774
1965974,wta,San Jose WTA,hard,1. round,1,,Claire Liu,USA,,,21,108,106,34,12,12,6,164,101,87,63,8.31,2.79,2,1595,Dayana Yastremska,Ukraine,175,67,21,46,21,2,3,0,2,151,88,60,38,-0.79,1.49,0,1838
1966341,wta,Cluj-Napoca WTA,clay,1. round,1,,Mihaela Buzarnescu,Romania,175,59,33,170,20,17,13,10,4,473,270,258,128,-0.02,1.59,4,1608,Viktoriya Tomova,Bulgaria,170,58,26,117,104,17,24,10,12,400,265,229,148,-13.42,2.5,0,1510
1966337,wta,Cluj-Napoca WTA,clay,1. round,1,,Kristina Kucova,Slovakia,163,59,31,118,71,25,17,18,10,440,328,266,153,0.81,1.25,1,1597,Cagla Buyukakcay,Turkey,172,58,31,197,60,10,18,6,10,470,394,182,138,-11.05,4.34,1,1495
1967286,wta,Concord WTA,hard,1. round,2,,Shuo Liang En,Taipei (CHN),,,20,235,150,16,18,11,9,81,66,64,45,0.32,3.96,0,,Vera Zvonareva,Russia,172,59,36,86,2,20,11,5,4,555,282,296,145,0.61,1.29,1,1808
1967288,wta,Concord WTA,hard,1. round,1,,Renata Zarazua,Mexico,160,55,23,137,131,15,15,9,7,284,185,115,81,-1.33,1.46,1,1491,Alexa Glatch,USA,183,66,31,296,102,5,8,1,3,320,248,190,145,-1.4,2.91,0,
1966343,wta,Cluj-Napoca WTA,clay,1. round,1,,Anna Schmiedlova Karolina,Slovakia,,,26,99,26,29,16,19,9,347,227,182,88,2.49,1.32,4,,Viktoria Kuzmova,Slovakia,180,61,23,156,43,9,13,4,6,272,149,87,52,-4.17,3.7,1,1559
1966336,wta,Cluj-Napoca WTA,clay,1. round,2,,Anna-Lena Friedsam,Germany,174,68,27,128,45,17,18,12,9,302,181,120,72,-6.93,2.37,0,,Maria Bara Irina,Romania,164,80,26,120,112,26,15,26,10,341,221,301,165,-3.18,1.65,1,
1966339,wta,Cluj-Napoca WTA,clay,1. round,2,,Briana Szabo,Romania,,,16,1311,1311,15,10,15,10,16,11,16,11,-6.45,13.84,0,,Katarzyna Kawa,Poland,,,28,182,112,5,13,3,6,356,258,247,166,-4.37,1.05,1,1480
1967279,wta,Cluj-Napoca WTA,clay,1. round,2,,Yuki Naito,Japan,,,20,207,169,7,6,5,3,92,52,67,23,1.04,3.14,0,1297,Alexandra Krunic,Serbia,163,53,28,268,39,18,10,14,6,339,248,158,96,0.25,1.41,1,
1966807,wta,Concord WTA,hard,1. round,1,,Maitane Arconada Usue,USA,152,58,22,204,130,11,16,9,7,192,152,118,83,-9.09,2.36,3,,Jamie Loeb,USA,168,61,26,192,132,18,17,3,4,226,187,141,110,-2.48,1.65,2,1383
1966796,wta,Concord WTA,hard,1. round,1,,Storm Sanders,Australia,166,59,26,139,134,23,11,8,4,183,154,120,104,13.65,1.26,2,1636,Alycia Parks,USA,,,20,244,240,17,17,6,6,171,130,60,50,1.08,4.27,0,1437
1967285,wta,Concord WTA,hard,1. round,2,,Robin Anderson,USA,,,28,218,159,14,12,13,7,201,138,129,76,-0.66,1.81,0,1435,Caroline Dolehide,USA,178,75,22,171,102,6,14,4,6,187,129,107,70,-8.86,2.1,1,1474
1966805,wta,Concord WTA,hard,1. round,1,,Su-Wei Hsieh,Taipei (CHN),169,57,35,75,23,7,10,6,3,493,340,338,210,2.42,1.23,1,,Ankita Raina,India,163,57,28,196,160,7,11,5,7,318,267,243,180,-0.85,4.6,0,1405
1967281,wta,Cluj-Napoca WTA,clay,1. round,2,,Alexandra Dulgheru,Romania,172,61,32,381,26,15,12,15,11,402,264,255,123,0.32,2.85,1,1611,Andrea Petkovic,Germany,180,69,33,91,9,14,15,10,8,524,357,223,114,-1.34,1.47,2,1720
1966797,wta,Concord WTA,hard,1. round,2,,Rebecca Marino,Canada,183,64,30,219,38,16,12,11,4,240,150,164,83,-3.19,2.07,0,1595,Magdalena Frech,Poland,,,23,153,115,18,13,1,1,312,195,92,58,-4.1,1.83,1,1590
1967287,wta,Concord WTA,hard,1. round,1,,Mariam Bolkvadze,Georgia,,,23,176,152,21,15,19,7,235,145,148,78,-1.61,1.62,1,1509,Victoria Duval,USA,178,70,25,432,87,11,7,4,2,149,106,86,63,0.18,2.43,0,
1966798,wta,Concord WTA,hard,1. round,2,,Lauren Davis,USA,157,55,27,94,26,15,16,5,7,318,226,179,139,-4.23,1.41,0,1681,Katrina Scott,USA,,,17,372,372,8,10,7,5,23,19,21,12,-0.98,3.12,2,
1966368,wta,San Jose WTA,hard,1. round,2,,Coco Vandeweghe,USA,185,70,29,162,9,9,10,0,4,322,261,205,178,-3.54,2.04,7,1690,Alison Riske,USA,175,66,31,37,18,3,7,1,2,382,307,195,170,-2.5,1.85,5,1789
1966799,wta,Concord WTA,hard,1. round,2,,Tatiana Maria,Germany,172,62,33,178,46,0,2,0,1,608,446,176,162,-1.0,4.21,0,,Varvara Lepchenko,USA,180,70,35,126,19,24,11,11,4,624,452,392,261,2.89,1.26,1,1609
1966820,wta,San Jose WTA,hard,1. round,2,,Emina Bektas,USA,,,28,352,234,16,13,13,10,144,113,113,76,4.57,4.37,0,,Caroline Garcia,France,177,61,27,68,4,17,17,7,7,370,289,164,137,-6.96,1.25,1,1761
1965941,wta,San Jose WTA,hard,1. round,2,,Emma Raducanu,Great Britain,,,18,184,179,5,4,0,1,73,24,36,8,5.26,2.03,0,,Shuai Zhang,China,177,66,32,51,23,11,14,1,2,516,357,372,224,-4.19,1.86,1,1762
1967278,wta,Cluj-Napoca WTA,clay,1. round,2,,Paula Ormaechea,Argentina,170,57,28,209,59,26,14,26,14,390,244,313,161,1.89,1.44,0,1560,Alexandra Eala,Philippines,,,16,639,624,16,9,4,2,21,13,8,5,3.04,3.0,1,
1966819,wta,San Jose WTA,hard,1. round,1,,Kristina Mladenovic,France,184,60,28,60,10,16,20,4,7,384,333,138,162,-2.24,1.41,1,1736,Na-Lae Han,South Korea,165,58,29,270,149,16,22,12,10,346,237,314,194,-13.8,3.1,0,
1965938,wta,San Jose WTA,hard,1. round,2,,Donna Vekic,Croatia,179,64,25,53,19,9,9,5,5,296,221,174,112,3.03,1.6,4,1771,Yulia Putintseva,Kazakhstan,163,59,26,35,27,19,15,7,6,333,253,148,131,0.31,2.47,2,1815
1967562,wta,Cluj-Napoca WTA,clay,1. round,2,,Jana Fett,Croatia,168,65,24,210,97,17,17,8,9,253,169,84,57,-6.35,2.04,0,1447,Seone Mendez,Australia,,,22,269,264,24,12,21,9,208,122,172,79,0.52,1.84,1,1357
1966588,wta,Cluj-Napoca WTA,clay,Qualification - round of 16,2,,Irina Fetecau,Romania,,,25,250,237,22,16,13,10,251,161,225,141,3.92,2.09,1,1254,Seone Mendez,Australia,,,22,269,264,24,12,21,9,208,122,172,79,0.52,1.75,1,1357
1966338,wta,Cluj-Napoca WTA,clay,1. round,1,,Kristyna Pliskova,Czech Republic,184,73,29,123,35,9,14,5,7,460,372,140,128,-8.73,2.14,1,1627,Martina Trevisan,Italy,,,27,100,83,8,19,7,9,254,145,209,96,-13.34,1.78,0,1554
1966335,wta,Cluj-Napoca WTA,clay,1. round,2,,Alize Cornet,France,173,60,31,59,11,15,19,5,8,515,402,215,132,2.56,1.41,0,1765,Mayar Sherif,Egypt,,,25,119,114,18,15,11,7,177,79,104,38,-4.35,3.1,1,1551
1967280,wta,Cluj-Napoca WTA,clay,1. round,2,,Panna Udvardy,Hungary,,,22,173,173,44,18,36,12,216,151,168,111,0.51,2.67,0,1490,Ana Bogdan,Romania,171,59,28,102,59,11,11,7,5,350,219,150,89,0.5,1.53,2,1688
1966345,wta,Cluj-Napoca WTA,clay,1. round,2,,Reka-Luca Jani,Hungary,161,58,30,194,147,27,21,20,13,531,299,442,219,1.21,2.93,2,,Adina Cristian Jaqueline,Romania,,,23,149,140,18,16,10,9,221,153,110,77,3.08,1.45,3,
1970589,wta,Cincinnati WTA,hard,Qualification - round of 16,2,1.19,Marie Bouzkova,Czech Republic,180,61,23,74,46,14,16,11,9,261,148,174,76,-8.9,1.69,0,1720,Shuai Zhang,China,177,66,32,51,23,14,16,4,4,519,359,375,226,-3.31,2.19,2,1769
1970695,wta,Cincinnati WTA,hard,Qualification - round of 16,1,,Annie Fernandez Leylah,Canada,158,48,18,70,66,15,14,11,7,103,66,62,34,-4.44,1.49,1,1768,Gabriela Ruse Elena,Romania,,,23,110,107,23,12,2,2,221,122,27,19,1.89,2.65,0,1679
1970588,wta,Cincinnati WTA,hard,Qualification - round of 16,1,-1.0,Caroline Garcia,France,177,61,27,63,4,21,19,11,9,374,291,168,139,-7.56,1.94,1,1748,Fiona Ferro,France,170,56,24,84,39,13,15,5,6,241,188,48,41,-1.99,1.87,1,1716
1970590,wta,Cincinnati WTA,hard,Qualification - round of 16,2,0.33,Anna Blinkova,Russia,179,70,22,82,54,15,19,5,9,198,133,79,57,-9.23,3.4,0,1618,Ludmilla Samsonova,Russia,180,67,22,52,52,29,16,13,6,236,138,58,33,8.64,1.33,2,1819
1970675,wta,Cincinnati WTA,hard,Qualification - round of 16,1,-1.0,Jasmine Paolini,Italy,160,60,25,98,87,21,15,7,7,282,197,69,56,4.55,4.5,1,1627,Donna Vekic,Croatia,179,64,25,56,19,11,11,7,7,298,223,176,114,2.29,1.21,0,1783
1970674,wta,Cincinnati WTA,hard,Qualification - round of 16,2,-1.0,Rebecca Peterson,Sweden,173,65,26,53,43,14,13,6,6,285,170,135,71,0.1,1.59,2,1713,Heather Watson,Great Britain,170,64,29,67,38,10,14,6,7,369,281,180,147,-3.59,2.39,1,1637
1970694,wta,Cincinnati WTA,hard,Qualification - round of 16,2,0.81,Lauren Davis,USA,157,55,27,95,26,16,17,6,8,319,227,180,140,-4.72,2.03,0,1664,Su-Wei Hsieh,Taipei (CHN),169,57,35,73,23,10,11,9,4,496,341,341,211,3.13,1.81,1,1758
1970591,wta,Cincinnati WTA,hard,Qualification - round of 16,1,-1.0,Aliaksandra Sasnovich,Belarus,174,60,27,90,30,17,15,5,5,339,218,120,82,1.57,2.04,1,1711,Andrea Petkovic,Germany,180,69,33,68,9,19,16,3,5,529,358,173,141,0.59,1.79,1,1757
1968626,wta,San Jose WTA,hard,semifinal,2,,Ana Konjuh,Croatia,174,65,23,116,20,34,17,12,5,204,123,67,48,6.52,2.83,0,1758,Danielle Collins,USA,178,64,27,36,23,26,9,14,5,178,112,105,72,5.98,1.49,1,
1968933,wta,Montreal,hard,Qualification - round of 16,1,,Caroline Garcia,France,177,61,27,68,4,19,18,9,8,372,290,166,138,-7.61,1.23,1,1751,Kristie Ahn,USA,,,29,138,87,6,14,2,4,242,180,180,121,-6.13,4.3,0,1535
1968932,wta,Montreal,hard,Qualification - round of 16,2,,Ann Li,USA,160,50,21,69,67,12,7,10,3,125,75,83,47,3.34,1.49,0,1803,Oceane Dodin,France,183,59,24,106,46,21,20,4,2,302,185,80,49,-7.02,2.67,1,1619
1968931,wta,Montreal,hard,Qualification - round of 16,1,,Clara Burel,France,,,20,98,98,29,11,5,2,79,48,16,9,4.77,1.7,1,1687,Heather Watson,Great Britain,170,64,29,64,38,7,14,3,7,366,281,177,147,-6.9,2.18,0,1637
1968944,wta,Montreal,hard,Qualification - round of 16,2,,Jule Niemeier,Germany,,,21,148,140,35,14,1,2,132,70,6,7,5.04,2.15,0,1598,Alison Van Uytvanck,Belgium,173,63,27,61,37,13,11,6,3,344,232,90,83,-1.78,1.71,1,1751
1968890,wta,Montreal,hard,Qualification - round of 16,2,,Kamilla Rakhimova,Russia,,,19,136,128,20,16,5,5,110,57,38,18,-1.02,4.43,0,1547,Amanda Anisimova,USA,180,59,19,84,21,11,11,5,3,100,61,58,37,-7.43,1.22,1,1793
1968889,wta,Montreal,hard,Qualification - round of 16,1,,Tereza Martincova,Czech Republic,179,64,26,62,62,31,17,14,4,394,293,102,73,-0.89,1.4,1,1748,Polona Hercog,Slovenia,185,70,30,85,35,10,14,2,5,454,304,114,134,-5.94,3.01,0,1711
1968891,wta,Montreal,hard,Qualification - round of 16,1,,Harriet Dart,Great Britain,172,58,25,169,121,15,15,6,6,249,179,138,92,-1.98,2.11,2,1558,Christina McHale,USA,170,62,29,101,24,7,19,2,8,382,330,241,201,-9.74,1.75,0,
1968945,wta,Montreal,hard,Qualification - round of 16,2,,Kristina Mladenovic,France,184,60,28,60,10,17,22,5,9,385,335,139,164,-4.21,2.03,1,1728,Anastasia Potapova,Russia,175,57,20,95,64,15,15,10,8,119,80,57,41,-3.51,1.8,2,1728
1968575,wta,San Jose WTA,hard,semifinal,1,,Darya Kasatkina,Russia,170,62,24,31,10,30,12,13,4,257,140,98,70,8.1,2.77,3,1901,Elise Mertens,Belgium,179,67,25,17,12,26,13,15,5,359,190,197,85,-0.25,1.51,1,1962
1968573,wta,Montreal,hard,Qualification - 1. round,2,,Raphaelle Lacasse,Canada,,,20,748,729,11,14,11,11,41,41,20,16,-8.59,13.22,0,,Christina McHale,USA,170,62,29,101,24,7,18,2,7,382,329,241,200,-8.74,1.02,1,
1968563,wta,Montreal,hard,Qualification - 1. round,1,,Polona Hercog,Slovenia,185,70,30,85,35,10,13,2,4,454,303,114,133,-4.94,1.80,2,1711,Harmony Tan,France,,,23,142,130,20,13,2,2,251,204,63,51,3.14,2.01,0,1599
1968572,wta,Montreal,hard,Qualification - 1. round,1,,Harriet Dart,Great Britain,172,58,25,169,121,14,15,5,6,248,179,137,92,-3.03,4.11,1,1558,Bernarda Pera,USA,175,80,26,82,59,16,17,3,7,347,195,80,72,-5.38,1.24,0,1681
1968569,wta,Montreal,hard,Qualification - 1. round,1,,Kristie Ahn,USA,,,29,138,87,6,13,2,3,242,179,180,120,-5.13,1.24,2,1535,Nicole Melichar,USA,,,28,1121,400,0,1,0,1,170,150,111,82,0.0,4.07,0,
1968571,wta,Montreal,hard,Qualification - 1. round,2,,Melodie Collard,Canada,,,18,1014,989,4,5,0,1,6,11,0,4,-2.34,9.50,0,,Kamilla Rakhimova,Russia,,,19,136,128,20,15,5,4,110,56,38,17,-0.02,1.06,1,1547
1968568,wta,Montreal,hard,Qualification - 1. round,2,,Francoise Abanda,Canada,178,66,24,355,111,2,3,2,3,188,135,95,68,-1.87,6.34,0,,Caroline Garcia,France,177,61,27,68,4,18,18,8,8,371,290,165,138,-7.83,1.12,1,1761
1968570,wta,Montreal,hard,Qualification - 1. round,1,,Amanda Anisimova,USA,180,59,19,84,21,10,11,4,3,99,61,57,37,-7.64,1.13,1,1793,Maddison Inglis,Australia,171,59,23,146,112,9,14,4,7,191,120,163,97,-3.66,6.24,0,1501
1968566,wta,Montreal,hard,Qualification - 1. round,2,,Mia Kupres,Canada,,,17,1094,1024,8,4,0,1,8,8,0,3,-0.82,11.75,0,,Ann Li,USA,160,50,21,69,67,12,6,10,2,125,74,83,46,4.34,1.04,1,1803
1968558,wta,Montreal,hard,Qualification - 1. round,1,,Alison Van Uytvanck,Belgium,173,63,27,61,37,12,11,5,3,343,232,89,83,-2.44,1.03,1,1728,Makoto Ninomiya,Japan,157,57,27,927,280,0,2,0,2,170,139,111,99,-1.0,12.71,0,
1968564,wta,Montreal,hard,Qualification - 1. round,2,,Katherine Sebov,Canada,,,22,313,192,8,10,6,5,161,112,100,71,-1.31,5.77,0,,Heather Watson,Great Britain,170,64,29,64,38,7,13,3,6,366,280,177,146,-5.9,1.14,1,1650
1968561,wta,Montreal,hard,Qualification - 1. round,2,,Layne Sleeth,Canada,,,19,776,574,1,3,1,3,57,81,14,25,-2.0,17.85,0,,Anastasia Potapova,Russia,175,57,20,95,64,14,15,9,8,118,80,56,41,-4.33,1.01,1,1728
1968565,wta,Montreal,hard,Qualification - 1. round,2,,Emily Webley-Smith,Great Britain,168,60,37,496,240,10,14,3,2,436,466,321,281,-8.7,12.64,0,,Clara Burel,France,,,20,98,98,28,11,4,2,78,48,15,9,4.11,1.03,1,1687
1968559,wta,Montreal,hard,Qualification - 1. round,2,,Astra Sharma,Australia,178,80,25,112,85,17,15,5,6,158,94,101,63,2.81,1.99,0,1597,Jule Niemeier,Germany,,,21,148,140,35,13,1,1,132,69,6,6,6.04,1.83,1,1612
1968396,wta,Concord WTA,hard,quarterfinal,2,,Katrina Scott,USA,,,17,372,372,9,11,8,6,24,20,22,13,-1.16,2.26,0,,Magdalena Frech,Poland,,,23,153,115,21,13,4,1,315,195,95,58,0.16,1.72,2,1590
1968718,wta,Concord WTA,hard,semifinal,2,,Vera Zvonareva,Russia,172,59,36,86,2,22,12,7,5,557,283,298,146,0.24,1.32,0,1808,Magdalena Frech,Poland,,,23,153,115,21,13,4,1,315,195,95,58,0.16,3.65,1,1590
1968497,wta,Concord WTA,hard,semifinal,2,,Madison Brengle,USA,174,60,31,78,35,18,16,7,6,514,384,314,207,0.08,1.53,1,1666,Renata Zarazua,Mexico,160,55,23,137,131,18,15,12,7,287,185,118,81,3.18,2.70,3,1491
1968196,wta,Cluj-Napoca WTA,clay,quarterfinal,2,,Seone Mendez,Australia,,,22,269,264,25,13,22,10,209,123,173,80,1.75,3.94,0,1357,Andrea Petkovic,Germany,180,69,33,91,9,17,15,13,8,527,357,226,114,0.65,1.30,1,1720
1968456,wta,Cluj-Napoca WTA,clay,semifinal,2,,Mihaela Buzarnescu,Romania,175,59,33,170,20,19,14,12,5,475,271,260,129,-0.09,1.76,0,1608,Mayar Sherif,Egypt,,,25,119,114,21,15,14,7,180,79,107,38,-2.23,2.19,1,1551
1968440,wta,San Jose WTA,hard,quarterfinal,1,,Danielle Collins,USA,178,64,27,36,23,25,9,13,5,177,112,104,72,5.52,2.21,1,,Elena Rybakina,Kazakhstan,184,73,22,20,17,23,15,11,9,194,91,71,38,-2.92,1.75,0,1895
1968265,wta,San Jose WTA,hard,quarterfinal,1,,Ana Konjuh,Croatia,174,65,23,116,20,34,16,12,4,204,122,67,47,7.52,1.68,3,1758,Shuai Zhang,China,177,66,32,51,23,12,15,2,3,517,358,373,225,-3.62,2.33,0,1762
1968637,wta,Cluj-Napoca WTA,clay,semifinal,1,,Andrea Petkovic,Germany,180,69,33,91,9,17,15,13,8,527,357,226,114,0.65,2.26,1,1720,Alexandra Krunic,Serbia,163,53,28,268,39,20,11,16,7,341,249,160,97,1.99,1.70,0,
1970233,wta,Cincinnati WTA,hard,Qualification - 1. round,1,1.36,Fiona Ferro,France,170,56,24,84,39,13,14,5,5,241,187,48,40,-0.99,2.36,3,1716,Viktorija Golubic,Switzerland,169,56,28,47,47,43,16,12,6,414,244,110,70,8.25,1.59,1,1801
1970237,wta,Cincinnati WTA,hard,Qualification - 1. round,2,,Alycia Parks,USA,,,20,246,240,18,19,7,8,172,132,61,52,0.22,5.09,0,1400,Caroline Garcia,France,177,61,27,63,4,20,19,10,9,373,291,167,139,-8.45,1.17,1,1748
1970234,wta,Cincinnati WTA,hard,Qualification - 1. round,2,0.19,Yaroslava Shvedova,Kazakhstan,180,68,33,448,25,2,11,1,8,393,300,169,140,-6.98,4.68,1,1621,Shuai Zhang,China,177,66,32,51,23,13,16,3,4,518,359,374,226,-4.45,1.19,2,1769
1970235,wta,Cincinnati WTA,hard,Qualification - 1. round,2,-1.0,Polona Hercog,Slovenia,185,70,30,87,35,10,15,2,6,454,305,114,135,-6.94,2.56,0,1711,Marie Bouzkova,Czech Republic,180,61,23,74,46,14,15,11,8,261,147,174,75,-7.9,1.51,1,1720
1970238,wta,Cincinnati WTA,hard,Qualification - 1. round,2,0.94,Vera Zvonareva,Russia,172,59,36,85,2,22,13,7,6,557,284,298,147,-0.76,1.88,0,1807,Ludmilla Samsonova,Russia,180,67,22,52,52,28,16,12,6,235,138,57,33,8.32,1.94,1,1819
1970244,wta,Cincinnati WTA,hard,Qualification - 1. round,1,2.61,Jasmine Paolini,Italy,160,60,25,98,87,20,15,6,7,281,197,68,56,1.34,3.61,2,1627,Anastasija Sevastova,Latvia,169,65,31,64,11,18,18,7,11,488,278,161,117,1.32,1.30,0,1782
1970240,wta,Cincinnati WTA,hard,Qualification - 1. round,1,,Andrea Petkovic,Germany,180,69,33,68,9,19,15,3,4,529,357,173,140,1.59,1.12,1,1757,Emma Navarro,USA,,,20,329,329,8,8,0,1,44,44,7,14,5.87,6.57,0,1373
1970243,wta,Cincinnati WTA,hard,Qualification - 1. round,1,,Su-Wei Hsieh,Taipei (CHN),169,57,35,73,23,9,11,8,4,495,341,340,211,2.4,1.14,1,,Peyton Stearns,USA,,,19,380,347,7,6,7,5,55,42,32,24,0.03,5.90,0,
1970239,wta,Cincinnati WTA,hard,Qualification - 1. round,2,1.1,Kristina Mladenovic,France,184,60,28,57,10,17,23,5,10,385,336,139,165,-5.21,1.75,3,1728,Aliaksandra Sasnovich,Belarus,174,60,27,90,30,16,14,4,4,338,217,119,81,1.56,2.10,5,1711
1970242,wta,Cincinnati WTA,hard,Qualification - 1. round,2,,Katie Volynets,USA,,,19,189,183,28,18,12,7,90,58,50,32,1.83,2.31,0,1455,Heather Watson,Great Britain,170,64,29,67,38,8,14,4,7,367,281,178,147,-6.27,1.63,1,1637
1970241,wta,Cincinnati WTA,hard,Qualification - 1. round,1,0.65,Rebecca Peterson,Sweden,173,65,26,53,43,14,12,6,5,285,169,135,70,1.1,1.65,1,1713,Astra Sharma,Australia,178,80,25,116,85,17,16,5,7,158,95,101,64,1.81,2.28,0,1597
1970587,wta,Cincinnati WTA,hard,Qualification - 1. round,2,,Kristie Ahn,USA,,,29,140,87,6,15,2,5,242,181,180,122,-7.13,,1,1517,Lauren Davis,USA,157,55,27,95,26,16,16,6,7,319,226,180,139,-3.72,,2,1664
1970119,wta,Montreal,hard,semifinal,2,-1.0,Aryna Sabalenka,Belarus,182,80,23,3,3,38,13,18,7,272,134,156,61,0.72,1.49,2,2039,Karolina Pliskova,Czech Republic,186,72,29,6,1,27,14,13,7,605,327,282,143,1.77,2.84,2,1953
1970042,wta,Montreal,hard,quarterfinal,2,1.26,Ons Jabeur,Tunis,167,66,26,22,22,36,14,13,8,353,200,122,96,3.68,1.72,0,1941,Jessica Pegula,USA,170,70,27,30,25,31,15,21,8,312,196,166,93,7.38,2.26,2,1896
1970247,wta,Cincinnati WTA,hard,Qualification - 1. round,2,,Irina Begu,Romania,181,67,30,76,22,13,12,8,6,457,309,129,122,0.05,2.39,0,,Annie Fernandez Leylah,Canada,158,48,18,70,66,14,14,10,7,102,66,61,34,-4.93,1.59,1,1768
1970246,wta,Cincinnati WTA,hard,Qualification - 1. round,2,,Tereza Martincova,Czech Republic,179,64,26,61,61,31,19,14,6,394,295,102,75,-2.89,1.58,1,1748,Gabriela Ruse Elena,Romania,,,23,110,107,23,11,2,1,221,121,27,18,2.89,2.40,2,
1970245,wta,Cincinnati WTA,hard,Qualification - 1. round,2,,Christina McHale,USA,170,62,29,104,24,7,20,2,9,382,331,241,202,-10.74,4.03,1,,Donna Vekic,Croatia,179,64,25,56,19,11,10,7,6,298,222,176,113,3.29,1.25,2,1783
1969997,wta,Montreal,hard,quarterfinal,2,-1.0,Cori Gauff,USA,176,59,17,24,23,33,13,13,7,83,40,33,20,9.35,1.68,1,1945,Camila Giorgi,Italy,168,54,29,71,26,22,12,10,4,388,280,154,119,9.94,2.32,1,1842
1970236,wta,Cincinnati WTA,hard,Qualification - 1. round,1,,Anna Blinkova,Russia,179,70,22,82,54,15,18,5,8,198,132,79,56,-8.23,2.07,2,1618,Serrano Osorio,Colombia,,,19,75,73,30,12,9,7,121,57,35,20,16.41,1.76,0,1690
1970276,wta,Cincinnati WTA,hard,1. round,1,-1.0,Marketa Vondrousova,Czech Republic,172,59,22,42,14,19,13,14,6,195,83,61,33,4.32,1.98,1,1869,Belinda Bencic,Switzerland,175,63,24,11,4,23,14,13,6,328,175,154,85,5.6,1.89,2,1916
1970282,wta,Cincinnati,hard,1. round,2,,Jan-Lennard Struff,Germany,193,92,31,46,29,21,20,6,7,546,383,67,71,2.64,1.67,3,,John Millman,Australia,183,79,32,42,33,14,19,5,7,435,289,257,154,-2.58,2.33,1,1732
1969254,wta,Montreal,hard,1. round,2,,Shelby Rogers,USA,175,70,28,43,40,19,17,10,7,273,219,148,109,-4.08,1.53,0,1800,Anastasia Potapova,Russia,175,57,20,100,64,16,15,11,8,120,80,58,41,-1.88,2.68,1,1710
1969255,wta,Montreal,hard,1. round,2,,Annie Fernandez Leylah,Canada,158,48,18,70,66,13,14,9,7,101,66,60,34,-5.51,1.36,0,2128,Harriet Dart,Great Britain,172,58,25,172,121,16,15,7,6,250,179,139,92,0.34,3.43,1,1558
1968910,wta,Montreal,hard,1. round,1,,Darya Kasatkina,Russia,170,62,24,27,10,31,13,14,5,258,141,99,71,7.55,1.5,2,1917,Petra Martic,Croatia,181,63,30,34,14,13,16,5,8,386,270,139,115,-6.1,2.76,2,1784
1968898,wta,Montreal,hard,1. round,2,,Yulia Putintseva,Kazakhstan,163,59,26,36,27,20,17,8,8,334,255,149,133,-0.89,2.16,0,1828,Veronika Kudermetova,Russia,175,63,24,33,28,27,16,11,8,265,176,127,81,1.82,1.77,2,1870
1968906,wta,Montreal,hard,1. round,1,,Cori Gauff,USA,176,59,17,24,23,32,12,12,6,82,39,32,19,9.66,1.6,1,1945,Anastasija Sevastova,Latvia,169,65,31,64,11,18,17,7,10,488,277,161,116,2.32,2.47,3,1782
1968905,wta,Montreal,hard,1. round,2,,Elise Mertens,Belgium,179,67,25,16,12,26,14,15,6,359,191,197,86,-1.25,1.6,2,1961,Camila Giorgi,Italy,168,54,29,71,26,18,12,6,4,384,280,150,119,6.21,2.47,1,1842
1968907,wta,Montreal,hard,1. round,2,,Shuai Zhang,China,177,66,32,51,23,12,16,2,4,517,359,373,226,-4.62,2.14,1,1769,Johanna Konta,Great Britain,180,70,30,41,4,9,7,3,4,427,258,210,118,-1.01,1.78,7,1813
1968896,wta,Montreal,hard,1. round,2,,Madison Keys,USA,178,66,26,26,7,10,11,2,5,307,169,183,103,-2.47,1.27,0,1886,Rebecca Marino,Canada,183,64,30,220,38,17,12,12,4,241,150,165,83,0.01,4.14,1,1575
1968894,wta,Montreal,hard,1. round,1,,A. Stephens Sloane,USA,170,61,28,62,3,16,13,3,6,330,230,179,139,4.01,1.67,1,,Dayana Yastremska,Ukraine,175,67,21,50,21,2,4,0,3,151,89,60,39,-1.79,2.32,0,1792
1968909,wta,Montreal,hard,1. round,1,,Jessica Pegula,USA,170,70,27,30,25,28,14,18,7,309,195,163,92,5.43,1.78,1,1896,Anett Kontaveit,Estonia,174,65,25,29,14,19,12,10,7,352,180,138,83,-1.44,2.14,0,1918
1969257,wta,Montreal,hard,1. round,2,,Caroline Garcia,France,177,61,27,63,4,19,19,9,9,372,291,166,139,-8.61,3.0,2,1748,Anastasia Pavlyuchenkova,Russia,177,72,30,17,13,21,13,8,7,455,310,236,170,5.43,1.44,4,1884
1969437,wta,Montreal,hard,2. round,2,,Garbine Muguruza,Spain,182,73,27,9,1,30,12,23,7,445,225,223,107,-1.22,1.31,1,2018,Katerina Siniakova,Czech Republic,174,69,25,55,31,19,13,5,6,303,208,95,83,5.34,3.85,2,1788
1968900,wta,Montreal,hard,1. round,2,,Elena Rybakina,Kazakhstan,184,73,22,19,17,23,16,11,10,194,92,71,39,-3.92,1.33,0,1899,Ludmilla Samsonova,Russia,180,67,22,52,52,27,15,11,5,234,137,56,32,8.44,3.62,1,1819
1969256,wta,Montreal,hard,1. round,1,,Donna Vekic,Croatia,179,64,25,56,19,10,9,6,5,297,221,175,112,3.78,1.75,2,1783,Alison Van Uytvanck,Belgium,173,63,27,60,37,13,12,6,4,344,233,90,84,-2.78,2.19,0,1752
1968901,wta,Montreal,hard,1. round,2,,Carol Zhao,Canada,,,26,291,131,19,13,11,8,178,152,110,96,7.51,6.86,1,,Sara Sorribes Tormo,Spain,176,69,24,48,46,23,13,18,6,340,211,91,76,14.59,1.13,2,1852
1969461,wta,Montreal,hard,2. round,2,,Fiona Ferro,France,170,56,24,84,39,12,14,4,5,240,187,47,40,-2.36,3.33,0,1716,Petra Kvitova,Czech Republic,183,70,31,12,2,21,12,10,6,599,258,256,128,-4.28,1.38,1,1966
